Package,LibPath,Version,Priority,Depends,Imports,LinkingTo,Suggests,Enhances,License,License_is_FOSS,License_restricts_use,OS_type,MD5sum,NeedsCompilation,Built
abind,/home/david/miniconda3/envs/vocc-env/lib/R/library,2005/01/04,NA,"R (>= 1.5.0)","methods, utils",NA,NA,NA,"LGPL (>= 2)",NA,NA,NA,NA,no,2000/04/01
AER,/home/david/miniconda3/envs/vocc-env/lib/R/library,2009/01/02,NA,"R (>= 3.0.0), car (>= 2.0-19), lmtest, sandwich (>= 2.4-0),
survival (>= 2.37-5), zoo","stats, Formula (>= 0.2-0)",NA,"boot, dynlm, effects, fGarch, forecast, foreign, ineq,
KernSmooth, lattice, longmemo, MASS, mlogit, nlme, nnet, np,
plm, pscl, quantreg, rgl, ROCR, rugarch, sampleSelection,
scatterplot3d, strucchange, systemfit (>= 1.1-20), truncreg,
tseries, urca, vars",NA,"GPL-2 | GPL-3",NA,NA,NA,NA,no,2002/04/01
AICcmodavg,/home/david/miniconda3/envs/vocc-env/lib/R/library,2001/02/03,NA,"R (>= 3.2.0)","methods, stats, graphics, lattice, MASS, Matrix, nlme, stats4,
survival, unmarked, VGAM, xtable",NA,"betareg, coxme, fitdistrplus, glmmTMB, lavaan, lme4, maxlike,
nnet, ordinal, pscl, R2jags, R2OpenBUGS, R2WinBUGS, jagsUI,
lmerTest",NA,"GPL (>= 2)",NA,NA,NA,NA,no,2002/04/01
analogue,/home/david/miniconda3/envs/vocc-env/lib/R/library,0.17-6,NA,"R (>= 3.5.0), vegan (>= 2.2-0)","mgcv, MASS, stats, graphics, grid, brglm, princurve (>=
2.0.2), lattice",NA,testthat,NA,GPL-2,NA,NA,NA,NA,yes,2002/04/01
ape,/home/david/miniconda3/envs/vocc-env/lib/R/library,5.5,NA,"R (>= 3.2.0)","nlme, lattice, graphics, methods, stats, tools, utils,
parallel, Rcpp (>= 0.12.0)",Rcpp,"gee, expm, igraph, phangorn",NA,"GPL-2 | GPL-3",NA,NA,NA,NA,yes,2000/04/01
askpass,/home/david/miniconda3/envs/vocc-env/lib/R/library,1.1,NA,NA,"sys (>= 2.1)",NA,testthat,NA,"MIT + file LICENSE",NA,NA,NA,NA,yes,2000/04/01
assertthat,/home/david/miniconda3/envs/vocc-env/lib/R/library,0.2.1,NA,NA,tools,NA,"testthat, covr",NA,GPL-3,NA,NA,NA,NA,no,2000/04/01
automap,/home/david/miniconda3/envs/vocc-env/lib/R/library,1.0-14,NA,"R (>= 2.10.0), sp (>= 0.9-55)","gstat, lattice, reshape",NA,"ggplot2, maptools, gpclib",NA,GPL,NA,NA,NA,NA,no,2000/04/01
backports,/home/david/miniconda3/envs/vocc-env/lib/R/library,2001/01/02,NA,"R (>= 3.0.0)",NA,NA,NA,NA,"GPL-2 | GPL-3",NA,NA,NA,NA,yes,2000/04/01
base,/home/david/miniconda3/envs/vocc-env/lib/R/library,2002/04/01,base,NA,NA,NA,methods,NA,"Part of R 4.1.2",NA,NA,NA,NA,NA,2002/04/01
base64enc,/home/david/miniconda3/envs/vocc-env/lib/R/library,0.1-3,NA,"R (>= 2.9.0)",NA,NA,NA,png,"GPL-2 | GPL-3",NA,NA,NA,NA,yes,2000/04/01
betapart,/home/david/miniconda3/envs/vocc-env/lib/R/library,2004/01/05,NA,NA,"ape, fastmatch, geometry, picante, rcdd, doSNOW, foreach,
snow, itertools",NA,vegan,NA,"GPL (>= 2)",NA,NA,NA,NA,no,2002/04/01
BH,/home/david/miniconda3/envs/vocc-env/lib/R/library,1.78.0-0,NA,NA,NA,NA,NA,NA,BSL-1.0,NA,NA,NA,NA,no,2002/04/01
bit,/home/david/miniconda3/envs/vocc-env/lib/R/library,4.0.4,NA,"R (>= 2.9.2)",NA,NA,"testthat (>= 0.11.0), roxygen2, knitr, rmarkdown,
microbenchmark, bit64 (>= 4.0.0), ff (>= 4.0.0)",NA,"GPL-2 | GPL-3",NA,NA,NA,NA,yes,2000/04/01
bit64,/home/david/miniconda3/envs/vocc-env/lib/R/library,4.0.5,NA,"R (>= 3.0.1), bit (>= 4.0.0), utils, methods, stats",NA,NA,NA,NA,"GPL-2 | GPL-3",NA,NA,NA,NA,yes,2000/04/01
blob,/home/david/miniconda3/envs/vocc-env/lib/R/library,2001/01/02,NA,NA,"methods, rlang, vctrs (>= 0.2.1)",NA,"covr, crayon, pillar (>= 1.2.1), testthat",NA,GPL-3,NA,NA,NA,NA,no,2000/04/01
boot,/home/david/miniconda3/envs/vocc-env/lib/R/library,2028/01/03,recommended,"R (>= 3.0.0), graphics, stats",NA,NA,"MASS, survival",NA,Unlimited,NA,NA,NA,NA,no,2000/04/01
brew,/home/david/miniconda3/envs/vocc-env/lib/R/library,1.0-6,NA,NA,NA,NA,NA,NA,GPL-2,NA,NA,NA,NA,NA,2000/04/01
brglm,/home/david/miniconda3/envs/vocc-env/lib/R/library,0.7.2,NA,"R (>= 2.6.0), profileModel",NA,NA,MASS,NA,"GPL (>= 2)",NA,NA,NA,NA,yes,2002/04/01
brio,/home/david/miniconda3/envs/vocc-env/lib/R/library,2002/01/01,NA,NA,NA,NA,"testthat (>= 2.1.0), covr",NA,"MIT + file LICENSE",NA,NA,NA,NA,yes,2000/04/01
broom,/home/david/miniconda3/envs/vocc-env/lib/R/library,0.7.8,NA,"R (>= 3.1)","backports, dplyr (>= 1.0.0), ellipsis, generics (>= 0.0.2),
glue, methods, purrr, rlang, stringr, tibble (>= 3.0.0), tidyr
(>= 1.0.0)",NA,"AER, akima, AUC, bbmle, betareg, biglm, binGroup, boot,
btergm, car, caret, cluster, cmprsk, coda, covr, drc, e1071,
emmeans, epiR, ergm (>= 3.10.4), fixest (>= 0.9.0), gam (>=
1.15), gee, geepack, ggplot2, glmnet, glmnetUtils, gmm, Hmisc,
irlba, joineRML, Kendall, knitr, ks, Lahman, lavaan, leaps,
lfe, lm.beta, lme4, lmodel2, lmtest (>= 0.9.38), lsmeans, maps,
maptools, margins, MASS, Matrix, mclust, mediation, metafor,
mfx, mgcv, mlogit, modeldata, modeltests, muhaz, multcomp,
network, nnet, orcutt (>= 2.2), ordinal, plm, poLCA, psych,
quantreg, Rchoice, rgeos, rmarkdown, robust, robustbase,
rsample, sandwich, sp, spdep (>= 1.1), spatialreg, speedglm,
spelling, survey, survival, systemfit, testthat (>= 2.1.0),
tseries, vars, zoo",NA,"MIT + file LICENSE",NA,NA,NA,NA,no,2000/04/01
bslib,/home/david/miniconda3/envs/vocc-env/lib/R/library,0.2.5.1,NA,"R (>= 2.10)","grDevices, htmltools (>= 0.5.1), jsonlite, sass (>= 0.4.0),
jquerylib (>= 0.1.3), rlang, magrittr",NA,"shiny (>= 1.6.0), rmarkdown (>= 2.7), thematic, knitr,
testthat, withr, rappdirs, curl",NA,"MIT + file LICENSE",NA,NA,NA,NA,no,2000/04/01
cachem,/home/david/miniconda3/envs/vocc-env/lib/R/library,1.0.5,NA,NA,"rlang, fastmap",NA,testthat,NA,"MIT + file LICENSE",NA,NA,NA,NA,yes,2000/04/01
callr,/home/david/miniconda3/envs/vocc-env/lib/R/library,2000/03/07,NA,NA,"processx (>= 3.5.0), R6, utils",NA,"cli, covr, ps, rprojroot, spelling, testthat, withr (>=
2.3.0)",NA,"MIT + file LICENSE",NA,NA,NA,NA,no,2000/04/01
car,/home/david/miniconda3/envs/vocc-env/lib/R/library,3.0-12,NA,"R (>= 3.5.0), carData (>= 3.0-0)","abind, MASS, mgcv, nnet, pbkrtest (>= 0.4-4), quantreg,
grDevices, utils, stats, graphics, maptools, lme4 (>=
1.1-27.1), nlme",NA,"alr4, boot, coxme, effects, knitr, leaps, lmtest, Matrix,
MatrixModels, rgl (>= 0.93.960), rio, sandwich, SparseM,
survival, survey",NA,"GPL (>= 2)",NA,NA,NA,NA,no,2002/04/01
CARBayes,/home/david/miniconda3/envs/vocc-env/lib/R/library,2005/05/02,NA,"MASS, R (>= 3.0.0), Rcpp (>= 0.11.5)","CARBayesdata, coda, dplyr, GGally, leaflet, MCMCpack, rgdal,
sp, spam, spdep, stats, truncnorm, utils",Rcpp,"boot, foreign, grid, maptools, Matrix, nlme, shapefiles,
splines",NA,"GPL (>= 2)",NA,NA,NA,NA,yes,2000/04/01
CARBayesdata,/home/david/miniconda3/envs/vocc-env/lib/R/library,2.2,NA,"R (>= 2.10.0)","sp, shapefiles",NA,NA,NA,"GPL (>= 2)",NA,NA,NA,NA,no,2000/04/01
carData,/home/david/miniconda3/envs/vocc-env/lib/R/library,3.0-5,NA,"R (>= 3.5.0)",NA,NA,"car (>= 3.0-0)",NA,"GPL (>= 2)",NA,NA,NA,NA,no,2002/04/01
caret,/home/david/miniconda3/envs/vocc-env/lib/R/library,6.0-88,NA,"R (>= 3.2.0), lattice (>= 0.20), ggplot2","foreach, methods, plyr, ModelMetrics (>= 1.2.2.2), nlme,
reshape2, stats, stats4, utils, grDevices, recipes (>= 0.1.10),
withr (>= 2.0.0), pROC,",NA,"BradleyTerry2, e1071, earth (>= 2.2-3), fastICA, gam (>=
1.15), ipred, kernlab, knitr, klaR, MASS, ellipse, Matrix, mda,
mgcv, mlbench, MLmetrics, nnet, party (>= 0.9-99992), pls,
proxy, randomForest, RANN, rmarkdown, spls, subselect, pamr,
superpc, Cubist, testthat (>= 0.9.1), rpart, dplyr, covr",NA,"GPL (>= 2)",NA,NA,NA,NA,yes,2000/04/01
cellranger,/home/david/miniconda3/envs/vocc-env/lib/R/library,2000/01/01,NA,"R (>= 3.0.0)","rematch, tibble",NA,"covr, testthat (>= 1.0.0), knitr, rmarkdown",NA,"MIT + file LICENSE",NA,NA,NA,NA,no,2000/04/01
CircStats,/home/david/miniconda3/envs/vocc-env/lib/R/library,0.2-6,NA,"MASS, boot",NA,NA,NA,NA,GPL-2,NA,NA,NA,NA,no,2000/04/01
class,/home/david/miniconda3/envs/vocc-env/lib/R/library,2019/07/03,recommended,"R (>= 3.0.0), stats, utils",MASS,NA,NA,NA,"GPL-2 | GPL-3",NA,NA,NA,NA,yes,2000/04/01
classInt,/home/david/miniconda3/envs/vocc-env/lib/R/library,0.4-3,NA,"R (>= 2.2)","grDevices, stats, graphics, e1071, class, KernSmooth",NA,"spData (>= 0.2.6.2), units, knitr, rmarkdown",NA,"GPL (>= 2)",NA,NA,NA,NA,yes,2000/04/01
cli,/home/david/miniconda3/envs/vocc-env/lib/R/library,3.0.1,NA,"R (>= 2.10)","glue, utils",NA,"callr, covr, grDevices, htmlwidgets, knitr, methods, mockery,
prettycode (>= 1.1.0), processx, ps (>= 1.3.4.9000), rlang,
rmarkdown, rstudioapi, shiny, testthat, tibble, withr",NA,"MIT + file LICENSE",NA,NA,NA,NA,yes,2000/04/01
clipr,/home/david/miniconda3/envs/vocc-env/lib/R/library,0.7.1,NA,NA,utils,NA,"covr, knitr, rmarkdown, rstudioapi (>= 0.5), testthat (>=
2.0.0)",NA,GPL-3,NA,NA,NA,NA,no,2000/04/01
cluster,/home/david/miniconda3/envs/vocc-env/lib/R/library,2002/02/01,recommended,"R (>= 3.4.0)","graphics, grDevices, stats, utils",NA,"MASS, Matrix",NA,"GPL (>= 2)",NA,NA,NA,NA,yes,2000/04/01
clustMixType,/home/david/miniconda3/envs/vocc-env/lib/R/library,0.2-15,NA,NA,"RColorBrewer, tibble",NA,testthat,NA,"GPL (>= 2)",NA,NA,NA,NA,no,2002/04/01
coda,/home/david/miniconda3/envs/vocc-env/lib/R/library,0.19-4,NA,"R (>= 2.14.0)",lattice,NA,NA,NA,"GPL (>= 2)",NA,NA,NA,NA,no,2000/04/01
codetools,/home/david/miniconda3/envs/vocc-env/lib/R/library,0.2-18,recommended,"R (>= 2.1)",NA,NA,NA,NA,GPL,NA,NA,NA,NA,no,2000/04/01
coin,/home/david/miniconda3/envs/vocc-env/lib/R/library,2002/01/04,NA,"R (>= 3.6.0), survival","methods, parallel, stats, stats4, utils, libcoin (>= 1.0-9),
matrixStats (>= 0.54.0), modeltools (>= 0.2-9), mvtnorm (>=
1.0-5), multcomp","libcoin (>= 1.0-9)","xtable, e1071, vcd, TH.data (>= 1.0-7)",NA,GPL-2,NA,NA,NA,NA,yes,2002/04/01
colorspace,/home/david/miniconda3/envs/vocc-env/lib/R/library,2.0-2,NA,"R (>= 3.0.0), methods","graphics, grDevices, stats",NA,"datasets, utils, KernSmooth, MASS, kernlab, mvtnorm, vcd,
tcltk, shiny, shinyjs, ggplot2, dplyr, scales, grid, png, jpeg,
knitr, rmarkdown, RColorBrewer, rcartocolor, scico, viridis,
wesanderson",NA,"BSD_3_clause + file LICENSE",NA,NA,NA,NA,yes,2000/04/01
commonmark,/home/david/miniconda3/envs/vocc-env/lib/R/library,1.7,NA,NA,NA,NA,"curl, testthat, xml2",NA,"BSD_2_clause + file LICENSE",NA,NA,NA,NA,yes,2000/04/01
compiler,/home/david/miniconda3/envs/vocc-env/lib/R/library,2002/04/01,base,NA,NA,NA,NA,NA,"Part of R 4.1.2",NA,NA,NA,NA,NA,2002/04/01
conquer,/home/david/miniconda3/envs/vocc-env/lib/R/library,2001/01/02,NA,"R (>= 3.5.0)","Rcpp (>= 1.0.3), Matrix, matrixStats, stats, caret","Rcpp, RcppArmadillo (>= 0.9.850.1.0)",NA,NA,GPL-3,NA,NA,NA,NA,yes,2000/04/01
covr,/home/david/miniconda3/envs/vocc-env/lib/R/library,2001/03/05,NA,"R (>= 3.1.0), methods","digest, stats, utils, jsonlite, rex, httr, crayon, withr (>=
1.0.2), yaml",NA,"R6, curl, knitr, rmarkdown, htmltools, DT (>= 0.2), testthat,
rlang, rstudioapi (>= 0.2), xml2 (>= 1.0.0), parallel, memoise,
mockery",NA,GPL-3,NA,NA,NA,NA,yes,2000/04/01
cowplot,/home/david/miniconda3/envs/vocc-env/lib/R/library,2001/01/01,NA,"R (>= 3.5.0)","ggplot2 (> 2.2.1), grid, gtable, grDevices, methods, rlang,
scales",NA,"Cairo, covr, dplyr, forcats, gridGraphics (>= 0.4-0), knitr,
lattice, magick, maps, PASWR, patchwork, rmarkdown, ragg,
testthat (>= 1.0.0), tidyr, vdiffr (>= 0.3.0), VennDiagram",NA,GPL-2,NA,NA,NA,NA,no,2000/04/01
cpp11,/home/david/miniconda3/envs/vocc-env/lib/R/library,0.3.1,NA,NA,NA,NA,"bench, brio, callr, cli, covr, decor, desc, ggplot2, glue,
knitr, lobstr, mockery, progress, rmarkdown, scales, Rcpp,
testthat, tibble, utils, vctrs, withr",NA,"MIT + file LICENSE",NA,NA,NA,NA,no,2000/04/01
crayon,/home/david/miniconda3/envs/vocc-env/lib/R/library,2001/01/04,NA,NA,"grDevices, methods, utils",NA,"mockery, rstudioapi, testthat, withr",NA,"MIT + file LICENSE",NA,NA,NA,NA,no,2000/04/01
credentials,/home/david/miniconda3/envs/vocc-env/lib/R/library,2000/01/03,NA,NA,"openssl (>= 1.3), sys (>= 2.1), curl, jsonlite, askpass",NA,"testthat, knitr, rmarkdown",NA,"MIT + file LICENSE",NA,NA,NA,NA,no,2000/04/01
crosstalk,/home/david/miniconda3/envs/vocc-env/lib/R/library,2001/01/01,NA,NA,"htmltools (>= 0.3.6), jsonlite, lazyeval, R6",NA,"shiny, ggplot2, testthat (>= 2.1.0)",NA,"MIT + file LICENSE",NA,NA,NA,NA,no,2000/04/01
crul,/home/david/miniconda3/envs/vocc-env/lib/R/library,2000/01/01,NA,NA,"curl (>= 3.3), R6 (>= 2.2.0), urltools (>= 1.6.0), httpcode
(>= 0.2.0), jsonlite, mime",NA,"testthat, roxygen2 (>= 7.1.1), fauxpas (>= 0.1.0), webmockr
(>= 0.1.0), knitr, rmarkdown",NA,"MIT + file LICENSE",NA,NA,NA,NA,no,2000/04/01
curl,/home/david/miniconda3/envs/vocc-env/lib/R/library,2002/04/03,NA,"R (>= 3.0.0)",NA,NA,"spelling, testthat (>= 1.0.0), knitr, jsonlite, rmarkdown,
magrittr, httpuv (>= 1.4.4), webutils",NA,"MIT + file LICENSE",NA,NA,NA,NA,yes,2000/04/01
cyclocomp,/home/david/miniconda3/envs/vocc-env/lib/R/library,2000/01/01,NA,NA,"callr, crayon, desc, remotes, withr",NA,testthat,NA,"MIT + file LICENSE",NA,NA,NA,NA,no,2000/04/01
data.table,/home/david/miniconda3/envs/vocc-env/lib/R/library,2000/01/14,NA,"R (>= 3.1.0)",methods,NA,"bit64 (>= 4.0.0), bit (>= 4.0.4), curl, R.utils, xts,
nanotime, zoo (>= 1.8-1), yaml, knitr, rmarkdown",NA,"MPL-2.0 | file LICENSE",NA,NA,NA,NA,yes,2000/04/01
datasets,/home/david/miniconda3/envs/vocc-env/lib/R/library,2002/04/01,base,NA,NA,NA,NA,NA,"Part of R 4.1.2",NA,NA,NA,NA,NA,2002/04/01
DBI,/home/david/miniconda3/envs/vocc-env/lib/R/library,2001/01/01,NA,"methods, R (>= 3.0.0)",NA,NA,"blob, covr, dbplyr, dplyr, glue, hms, knitr, magrittr,
rmarkdown, rprojroot, RMariaDB, RSQLite (>= 1.1-2), testthat,
xml2",NA,"LGPL (>= 2.1)",NA,NA,NA,NA,no,2000/04/01
dbplyr,/home/david/miniconda3/envs/vocc-env/lib/R/library,2001/02/01,NA,"R (>= 3.1)","assertthat (>= 0.2.0), blob (>= 1.2.0), DBI (>= 1.0.0), dplyr
(>= 1.0.4), ellipsis, glue (>= 1.2.0), lifecycle (>= 1.0.0),
magrittr, methods, purrr (>= 0.2.5), R6 (>= 2.2.2), rlang (>=
0.2.0), tibble (>= 1.4.2), tidyselect (>= 0.2.4), utils, vctrs,
withr",NA,"bit64, covr, knitr, Lahman, nycflights13, odbc, RMariaDB (>=
1.0.2), rmarkdown, RPostgres (>= 1.1.3), RPostgreSQL, RSQLite
(>= 2.1.0), testthat (>= 3.0.2), tidyr",NA,"MIT + file LICENSE",NA,NA,NA,NA,no,2000/04/01
deldir,/home/david/miniconda3/envs/vocc-env/lib/R/library,0.2-10,NA,"R (>= 3.5.0)","graphics, grDevices",NA,polyclip,NA,"GPL (>= 2)",NA,NA,NA,NA,yes,2000/04/01
desc,/home/david/miniconda3/envs/vocc-env/lib/R/library,2000/01/03,NA,"R (>= 3.1.0)","utils, R6, crayon, rprojroot",NA,"covr, testthat, whoami, withr, spelling, gh",NA,"MIT + file LICENSE",NA,NA,NA,NA,no,2000/04/01
DescTools,/home/david/miniconda3/envs/vocc-env/lib/R/library,0.99.45,NA,"base, stats, R (>= 3.6.0)","graphics, grDevices, methods, MASS, utils, boot, mvtnorm,
expm, Rcpp (>= 0.12.10), rstudioapi, Exact, gld, data.table,
readxl, httr","Rcpp, BH","RDCOMClient, tcltk, VGAM, R.rsp",NA,"GPL (>= 2)",NA,NA,NA,NA,yes,2002/04/01
devtools,/home/david/miniconda3/envs/vocc-env/lib/R/library,2002/02/04,NA,"R (>= 3.0.2), usethis (>= 2.0.1)","callr (>= 3.6.0), cli (>= 2.4.0), desc (>= 1.3.0), ellipsis
(>= 0.3.1), fs (>= 1.5.0), httr (>= 1.4.2), lifecycle (>=
1.0.0), memoise (>= 2.0.0), pkgbuild (>= 1.2.0), pkgload (>=
1.2.1), rcmdcheck (>= 1.3.3), remotes (>= 2.3.0), rlang (>=
0.4.10), roxygen2 (>= 7.1.1), rstudioapi (>= 0.13), rversions
(>= 2.0.2), sessioninfo (>= 1.1.1), stats, testthat (>= 3.0.2),
tools, utils, withr (>= 2.4.1)",NA,"BiocManager (>= 1.30.12), covr (>= 3.5.1), curl (>= 4.3),
digest (>= 0.6.27), DT (>= 0.17), foghorn (>= 1.3.2), gh (>=
1.2.1), gmailr (>= 1.0.0), knitr (>= 1.31), lintr (>= 2.0.1),
MASS, mockery (>= 0.4.2), pingr (>= 2.0.1), pkgdown (>= 1.6.1),
rhub (>= 1.1.1), rmarkdown (>= 2.7), spelling (>= 2.2)",NA,"MIT + file LICENSE",NA,NA,NA,NA,no,2000/04/01
DHARMa,/home/david/miniconda3/envs/vocc-env/lib/R/library,0.4.3,NA,"R (>= 3.0.2)","stats, graphics, utils, grDevices, parallel, doParallel,
foreach, gap, lmtest, ape, qgam (>= 1.3.2), lme4",NA,"knitr, testthat, rmarkdown, KernSmooth, sfsmisc, MASS, mgcv,
spaMM (>= 3.2.0), GLMMadaptive, phyr",NA,"GPL (>= 3)",NA,NA,NA,NA,no,2000/04/01
diffobj,/home/david/miniconda3/envs/vocc-env/lib/R/library,0.3.4,NA,"R (>= 3.1.0)","crayon (>= 1.3.2), tools, methods, utils, stats",NA,"knitr, rmarkdown",NA,"GPL (>= 2)",NA,NA,NA,NA,yes,2000/04/01
digest,/home/david/miniconda3/envs/vocc-env/lib/R/library,0.6.27,NA,"R (>= 3.3.0)",utils,NA,"tinytest, knitr, rmarkdown, minidown",NA,"GPL (>= 2)",NA,NA,NA,NA,yes,2000/04/01
doParallel,/home/david/miniconda3/envs/vocc-env/lib/R/library,1.0.16,NA,"R (>= 2.14.0), foreach(>= 1.2.0), iterators(>= 1.0.0),
parallel, utils",NA,NA,"caret, mlbench, rpart, RUnit",compiler,GPL-2,NA,NA,NA,NA,no,2000/04/01
doSNOW,/home/david/miniconda3/envs/vocc-env/lib/R/library,1.0.20,NA,"R (>= 2.5.0), foreach(>= 1.2.0), iterators(>= 1.0.0), snow(>=
0.3.0), utils",NA,NA,"compiler, RUnit, caret, mlbench, rpart, parallel",NA,GPL-2,NA,NA,NA,NA,no,2002/04/01
dotCall64,/home/david/miniconda3/envs/vocc-env/lib/R/library,1.0-1,NA,"R (>= 3.1)",NA,NA,"microbenchmark, OpenMPController, RColorBrewer, roxygen2,
spam, testthat,",NA,"GPL (>= 2)",NA,NA,NA,NA,yes,2000/04/01
dplyr,/home/david/miniconda3/envs/vocc-env/lib/R/library,1.0.7,NA,"R (>= 3.3.0)","ellipsis, generics, glue (>= 1.3.2), lifecycle (>= 1.0.0),
magrittr (>= 1.5), methods, R6, rlang (>= 0.4.10), tibble (>=
2.1.3), tidyselect (>= 1.1.0), utils, vctrs (>= 0.3.5), pillar
(>= 1.5.1)",NA,"bench, broom, callr, covr, DBI, dbplyr (>= 1.4.3), knitr,
Lahman, lobstr, microbenchmark, nycflights13, purrr, rmarkdown,
RMySQL, RPostgreSQL, RSQLite, testthat (>= 3.0.2), tidyr, withr",NA,"MIT + file LICENSE",NA,NA,NA,NA,yes,2000/04/01
DT,/home/david/miniconda3/envs/vocc-env/lib/R/library,0.18,NA,NA,"htmltools (>= 0.3.6), htmlwidgets (>= 1.3), jsonlite (>=
0.9.16), magrittr, crosstalk, promises",NA,"knitr (>= 1.8), rmarkdown, shiny (>= 1.6), bslib, testit",NA,"GPL-3 | file LICENSE",NA,NA,NA,NA,no,2000/04/01
dtplyr,/home/david/miniconda3/envs/vocc-env/lib/R/library,2000/01/01,NA,"R (>= 3.3)","crayon, data.table (>= 1.12.4), dplyr (>= 1.0.3), ellipsis,
glue, lifecycle, rlang, tibble, tidyselect, vctrs",NA,"bench, covr, knitr, rmarkdown, testthat (>= 3.0.0), tidyr (>=
1.1.0)",NA,"MIT + file LICENSE",NA,NA,NA,NA,no,2000/04/01
e1071,/home/david/miniconda3/envs/vocc-env/lib/R/library,2008/01/07,NA,NA,"graphics, grDevices, class, stats, methods, utils, proxy",NA,"cluster, mlbench, nnet, randomForest, rpart, SparseM, xtable,
Matrix, MASS, slam",NA,"GPL-2 | GPL-3",NA,NA,NA,NA,yes,2000/04/01
egg,/home/david/miniconda3/envs/vocc-env/lib/R/library,0.4.5,NA,"gridExtra (>= 2.3), ggplot2","gtable, grid, grDevices, utils",NA,"knitr, png",NA,GPL-3,NA,NA,NA,NA,no,2000/04/01
ellipsis,/home/david/miniconda3/envs/vocc-env/lib/R/library,0.3.2,NA,"R (>= 3.2)","rlang (>= 0.3.0)",NA,"covr, testthat",NA,"MIT + file LICENSE",NA,NA,NA,NA,yes,2000/04/01
evaluate,/home/david/miniconda3/envs/vocc-env/lib/R/library,0.14,NA,"R (>= 3.0.2)",methods,NA,"testthat, lattice, ggplot2",NA,"MIT + file LICENSE",NA,NA,NA,NA,no,2000/04/01
Exact,/home/david/miniconda3/envs/vocc-env/lib/R/library,3.1,NA,"R (>= 3.5.0)","graphics, stats, utils, rootSolve",NA,ExactData,NA,GPL-2,NA,NA,NA,NA,no,2002/04/01
expm,/home/david/miniconda3/envs/vocc-env/lib/R/library,0.999-6,NA,Matrix,methods,NA,"RColorBrewer, sfsmisc, Rmpfr",NA,"GPL (>= 2)",NA,NA,NA,NA,yes,2000/04/01
fansi,/home/david/miniconda3/envs/vocc-env/lib/R/library,0.5.0,NA,"R (>= 3.1.0)","grDevices, utils",NA,"unitizer, knitr, rmarkdown",NA,"GPL (>= 2)",NA,NA,NA,NA,yes,2000/04/01
farver,/home/david/miniconda3/envs/vocc-env/lib/R/library,2000/02/01,NA,NA,NA,NA,"testthat (>= 2.1.0), covr",NA,"MIT + file LICENSE",NA,NA,NA,NA,yes,2000/04/01
fastmap,/home/david/miniconda3/envs/vocc-env/lib/R/library,2000/01/01,NA,NA,NA,NA,"testthat (>= 2.1.1)",NA,"MIT + file LICENSE",NA,NA,NA,NA,yes,2000/04/01
fastmatch,/home/david/miniconda3/envs/vocc-env/lib/R/library,2003/01/01,NA,"R (>= 2.3.0)",NA,NA,NA,NA,GPL-2,NA,NA,NA,NA,yes,2002/04/01
fields,/home/david/miniconda3/envs/vocc-env/lib/R/library,12.5,NA,"R (>= 3.0), methods, spam, viridis",maps,NA,NA,NA,"GPL (>= 2)",NA,NA,NA,NA,yes,2000/04/01
FNN,/home/david/miniconda3/envs/vocc-env/lib/R/library,2003/01/01,NA,"R (>= 3.0.0)",NA,NA,"chemometrics, mvtnorm",NA,"GPL (>= 2)",NA,NA,NA,NA,yes,2000/04/01
forcats,/home/david/miniconda3/envs/vocc-env/lib/R/library,0.5.1,NA,"R (>= 3.2)","ellipsis, magrittr, rlang, tibble",NA,"covr, dplyr, ggplot2, knitr, readr, rmarkdown, testthat",NA,"MIT + file LICENSE",NA,NA,NA,NA,no,2000/04/01
foreach,/home/david/miniconda3/envs/vocc-env/lib/R/library,2001/01/05,NA,"R (>= 2.5.0)","codetools, utils, iterators",NA,"randomForest, doMC, doParallel, testthat, knitr, rmarkdown",NA,"Apache License (== 2.0)",NA,NA,NA,NA,no,2000/04/01
foreign,/home/david/miniconda3/envs/vocc-env/lib/R/library,0.8-81,recommended,"R (>= 4.0.0)","methods, utils, stats",NA,NA,NA,"GPL (>= 2)",NA,NA,NA,NA,yes,2000/04/01
formatR,/home/david/miniconda3/envs/vocc-env/lib/R/library,1.11,NA,"R (>= 3.2.3)",NA,NA,"codetools, shiny, testit, rmarkdown, knitr",NA,GPL,NA,NA,NA,NA,no,2000/04/01
Formula,/home/david/miniconda3/envs/vocc-env/lib/R/library,2004/01/02,NA,"R (>= 2.0.0), stats",NA,NA,NA,NA,"GPL-2 | GPL-3",NA,NA,NA,NA,no,2002/04/01
fs,/home/david/miniconda3/envs/vocc-env/lib/R/library,2000/01/05,NA,"R (>= 3.1)",methods,NA,"testthat, covr, pillar (>= 1.0.0), tibble (>= 1.1.0), crayon,
rmarkdown, knitr, withr, spelling, vctrs (>= 0.3.0)",NA,GPL-3,NA,NA,NA,NA,yes,2000/04/01
gap,/home/david/miniconda3/envs/vocc-env/lib/R/library,1.2.3-1,NA,"R (>= 2.10)",NA,NA,"BradleyTerry2, MASS, Matrix, MCMCglmm, R2jags, bdsmatrix,
calibrate, circlize, coda, cowplot, coxme, dplyr, foreign,
forestplot, gap.datasets, genetics, ggplot2, grid, haplo.stats,
jsonlite, kinship2, lattice, magic, matrixStats, meta, metafor,
mets, nlme, pedigree, pedigreemm, plotly, plotrix, reshape,
rmeta, rms, survival",NA,"GPL (>= 2)",NA,NA,NA,NA,yes,2000/04/01
gargle,/home/david/miniconda3/envs/vocc-env/lib/R/library,2000/01/02,NA,"R (>= 3.3)","cli (>= 3.0.0), fs (>= 1.3.1), glue (>= 1.3.0), httr (>=
1.4.0), jsonlite, rappdirs, rlang (>= 0.4.9), rstudioapi,
stats, utils, withr",NA,"aws.ec2metadata, aws.signature, covr, httpuv, knitr, mockr,
rmarkdown, sodium, spelling, testthat (>= 3.0.0)",NA,"MIT + file LICENSE",NA,NA,NA,NA,no,2000/04/01
gdata,/home/david/miniconda3/envs/vocc-env/lib/R/library,2000/02/18,NA,"R (>= 2.3.0)","gtools, stats, methods, utils",NA,RUnit,NA,GPL-2,NA,NA,NA,NA,no,2000/04/01
gdistance,/home/david/miniconda3/envs/vocc-env/lib/R/library,2006/01/03,NA,"R (>= 3.2.0), raster (>= 1.9-19), methods, igraph (>= 0.7.0),
Matrix","sp, stats",NA,"knitr, markdown, rmarkdown, testthat (>= 2.1.0)",NA,"GPL (>= 2)",NA,NA,NA,NA,no,2000/04/01
gdtools,/home/david/miniconda3/envs/vocc-env/lib/R/library,0.2.3,NA,NA,"Rcpp (>= 0.12.12), systemfonts (>= 0.1.1)",Rcpp,"htmltools, testthat, fontquiver (>= 0.2.0), curl",NA,"GPL-3 | file LICENSE",NA,NA,NA,NA,yes,2000/04/01
generics,/home/david/miniconda3/envs/vocc-env/lib/R/library,0.1.0,NA,"R (>= 3.1)",methods,NA,"covr, pkgload, testthat, tibble",NA,"MIT + file LICENSE",NA,NA,NA,NA,no,2000/04/01
geometry,/home/david/miniconda3/envs/vocc-env/lib/R/library,0.4.5,NA,"R (>= 3.0.0)","magic, Rcpp, lpSolve, linprog","Rcpp, RcppProgress","spelling, testthat, rgl, R.matlab, tripack",NA,"GPL (>= 3)",NA,NA,NA,NA,yes,2002/04/01
geosphere,/home/david/miniconda3/envs/vocc-env/lib/R/library,2010/01/05,NA,"R (>= 3.0.0)",sp,NA,"methods, raster",NA,"GPL (>= 3)",NA,NA,NA,NA,yes,2000/04/01
gert,/home/david/miniconda3/envs/vocc-env/lib/R/library,2000/01/05,NA,NA,"askpass, credentials (>= 1.2.1), openssl (>= 1.4.1),
rstudioapi (>= 0.11), sys, zip (>= 2.1.0)",NA,"spelling, knitr, rmarkdown, testthat",NA,"MIT + file LICENSE",NA,NA,NA,NA,yes,2002/04/01
GGally,/home/david/miniconda3/envs/vocc-env/lib/R/library,2002/02/01,NA,"R (>= 3.1), ggplot2 (>= 3.3.4)","dplyr (>= 1.0.0), forcats, grDevices, grid, gtable (>= 0.2.0),
lifecycle, plyr (>= 1.8.3), progress, RColorBrewer, reshape (>=
0.8.5), rlang, scales (>= 1.1.0), tidyr, utils",NA,"broom (>= 0.7.0), broom.helpers (>= 1.1.0), chemometrics,
geosphere (>= 1.5-1), ggforce, Hmisc, igraph (>= 1.0.1),
intergraph (>= 2.0-2), labelled, maps (>= 3.1.0), mapproj,
nnet, network (>= 1.17.1), scagnostics, sna (>= 2.3-2),
survival, rmarkdown, roxygen2, testthat, crosstalk, knitr,
spelling, emmeans",NA,"GPL (>= 2.0)",NA,NA,NA,NA,no,2000/04/01
ggplot2,/home/david/miniconda3/envs/vocc-env/lib/R/library,2005/03/03,NA,"R (>= 3.3)","digest, glue, grDevices, grid, gtable (>= 0.1.1), isoband,
MASS, mgcv, rlang (>= 0.4.10), scales (>= 0.5.0), stats,
tibble, withr (>= 2.0.0)",NA,"covr, ragg, dplyr, ggplot2movies, hexbin, Hmisc, interp,
knitr, lattice, mapproj, maps, maptools, multcomp, munsell,
nlme, profvis, quantreg, RColorBrewer, rgeos, rmarkdown, rpart,
sf (>= 0.7-3), svglite (>= 1.2.0.9001), testthat (>= 2.1.0),
vdiffr (>= 1.0.0), xml2",sp,"MIT + file LICENSE",NA,NA,NA,NA,no,2000/04/01
gh,/home/david/miniconda3/envs/vocc-env/lib/R/library,2000/01/03,NA,NA,"cli (>= 2.0.1), gitcreds, httr (>= 1.2), ini, jsonlite",NA,"covr, knitr, mockery, rmarkdown, rprojroot, spelling,
testthat (>= 2.3.2), withr",NA,"MIT + file LICENSE",NA,NA,NA,NA,no,2000/04/01
gistr,/home/david/miniconda3/envs/vocc-env/lib/R/library,0.9.0,NA,NA,"jsonlite, crul, httr, magrittr, assertthat, knitr, rmarkdown,
dplyr",NA,"git2r, testthat",NA,"MIT + file LICENSE",NA,NA,NA,NA,no,2000/04/01
git2r,/home/david/miniconda3/envs/vocc-env/lib/R/library,0.29.0,NA,"R (>= 3.1)","graphics, utils",NA,getPass,NA,GPL-2,NA,NA,NA,NA,yes,2002/04/01
gitcreds,/home/david/miniconda3/envs/vocc-env/lib/R/library,0.1.1,NA,NA,NA,NA,"codetools, testthat, knitr, mockery, oskeyring, rmarkdown,
withr",NA,"MIT + file LICENSE",NA,NA,NA,NA,no,2000/04/01
gld,/home/david/miniconda3/envs/vocc-env/lib/R/library,2004/02/06,NA,NA,"stats, graphics, e1071, lmom",NA,,NA,"GPL (>= 2)",NA,NA,NA,NA,yes,2002/04/01
glmmTMB,/home/david/miniconda3/envs/vocc-env/lib/R/library,2002/01/01,NA,"R (>= 3.2.0)","methods, TMB (>= 1.7.14), lme4 (>= 1.1-18.9000), Matrix, nlme,
numDeriv","TMB, RcppEigen","knitr, rmarkdown, testthat, MASS, lattice, ggplot2 (>=
2.2.1), mlmRev, bbmle (>= 1.0.19), pscl, coda, reshape2, car
(>= 3.0.6), emmeans (>= 1.4), estimability, DHARMa, multcomp,
MuMIn, effects (>= 4.0-1), dotwhisker, broom, broom.mixed,
plyr, png, boot, texreg, xtable, huxtable, mvabund",NA,AGPL-3,NA,NA,NA,NA,yes,2000/04/01
glmnet,/home/david/miniconda3/envs/vocc-env/lib/R/library,2002/04/01,NA,"R (>= 3.6.0), Matrix (>= 1.0-6)","methods, utils, foreach, shape, survival",NA,"knitr, lars, testthat, xfun, rmarkdown",NA,GPL-2,NA,NA,NA,NA,yes,2000/04/01
glue,/home/david/miniconda3/envs/vocc-env/lib/R/library,2002/01/04,NA,"R (>= 3.2)",methods,NA,"testthat, covr, magrittr, crayon, knitr, rmarkdown, DBI,
RSQLite, R.utils, forcats, microbenchmark, rprintf, stringr,
ggplot2, dplyr, withr, vctrs (>= 0.3.0)",NA,"MIT + file LICENSE",NA,NA,NA,NA,yes,2000/04/01
gmodels,/home/david/miniconda3/envs/vocc-env/lib/R/library,2001/02/18,NA,"R (>= 1.9.0)","MASS, gdata",NA,"gplots, gtools, Matrix, nlme, lme4 (>= 0.999999-0)",NA,GPL-2,NA,NA,NA,NA,no,2000/04/01
gmp,/home/david/miniconda3/envs/vocc-env/lib/R/library,0.6-5,NA,"R (>= 3.5.0)",methods,NA,"Rmpfr, MASS, round",NA,"GPL (>= 2)",NA,NA,NA,NA,yes,2002/04/01
googledrive,/home/david/miniconda3/envs/vocc-env/lib/R/library,2.0.0,NA,"R (>= 3.3)","cli (>= 3.0.0), gargle (>= 1.2.0), glue (>= 1.4.2), httr,
jsonlite, lifecycle, magrittr, pillar, purrr (>= 0.2.3), rlang
(>= 0.4.9), tibble (>= 2.0.0), utils, uuid, vctrs (>= 0.3.0),
withr",NA,"covr, curl, downlit, dplyr (>= 1.0.0), knitr, mockr,
rmarkdown, roxygen2, sodium, spelling, testthat (>= 3.0.0)",NA,"MIT + file LICENSE",NA,NA,NA,NA,no,2000/04/01
googlesheets4,/home/david/miniconda3/envs/vocc-env/lib/R/library,0.3.0,NA,"R (>= 3.2)","cellranger, curl, gargle (>= 1.0.0), glue (>= 1.3.0),
googledrive (>= 1.0.0), httr, ids, lifecycle, magrittr,
methods, purrr, rematch2, rlang, tibble (>= 2.1.1), utils,
vctrs (>= 0.2.3)",NA,"covr, readr, rmarkdown, sodium, spelling, testthat (>=
2.1.0), withr",NA,"MIT + file LICENSE",NA,NA,NA,NA,no,2000/04/01
gower,/home/david/miniconda3/envs/vocc-env/lib/R/library,0.2.2,NA,NA,NA,NA,"tinytest (>= 0.9.3),",NA,GPL-3,NA,NA,NA,NA,yes,2000/04/01
graphics,/home/david/miniconda3/envs/vocc-env/lib/R/library,2002/04/01,base,NA,grDevices,NA,NA,NA,"Part of R 4.1.2",NA,NA,NA,NA,yes,2002/04/01
grDevices,/home/david/miniconda3/envs/vocc-env/lib/R/library,2002/04/01,base,NA,NA,NA,KernSmooth,NA,"Part of R 4.1.2",NA,NA,NA,NA,yes,2002/04/01
grid,/home/david/miniconda3/envs/vocc-env/lib/R/library,2002/04/01,base,NA,"grDevices, utils",NA,NA,NA,"Part of R 4.1.2",NA,NA,NA,NA,yes,2002/04/01
gridExtra,/home/david/miniconda3/envs/vocc-env/lib/R/library,2.3,NA,NA,"gtable, grid, grDevices, graphics, utils",NA,"ggplot2, egg, lattice, knitr, testthat",NA,"GPL (>= 2)",NA,NA,NA,NA,no,2000/04/01
gstat,/home/david/miniconda3/envs/vocc-env/lib/R/library,2.0-8,NA,"R (>= 2.10)","utils, stats, graphics, methods, lattice, sp (>= 0.9-72), zoo,
spacetime (>= 1.0-0), FNN",NA,"fields, maps, mapdata, maptools, rgdal (>= 0.5.2), rgeos, sf
(>= 0.7-2), stars (>= 0.3-0), xts, raster, future, future.apply",NA,"GPL (>= 2.0)",NA,NA,NA,NA,yes,2001/04/01
gtable,/home/david/miniconda3/envs/vocc-env/lib/R/library,0.3.0,NA,"R (>= 3.0)",grid,NA,"covr, testthat, knitr, rmarkdown, ggplot2, profvis",NA,GPL-2,NA,NA,NA,NA,no,2000/04/01
gtools,/home/david/miniconda3/envs/vocc-env/lib/R/library,2002/03/09,NA,"methods, stats, utils",NA,NA,"car, gplots, knitr, rstudioapi, SGP, taxize",NA,GPL-2,NA,NA,NA,NA,yes,2000/04/01
haven,/home/david/miniconda3/envs/vocc-env/lib/R/library,2001/02/04,NA,"R (>= 3.2)","forcats (>= 0.2.0), hms, methods, readr (>= 0.1.0), rlang (>=
0.4.0), tibble, tidyselect, vctrs (>= 0.3.0)",cpp11,"cli, covr, crayon, fs, knitr, pillar (>= 1.4.0), rmarkdown,
testthat (>= 3.0.0)",NA,"MIT + file LICENSE",NA,NA,NA,NA,yes,2000/04/01
here,/home/david/miniconda3/envs/vocc-env/lib/R/library,1.0.1,NA,NA,"rprojroot (>= 2.0.2)",NA,"conflicted, covr, fs, knitr, palmerpenguins, plyr, readr,
rlang, rmarkdown, testthat, uuid, withr",NA,"MIT + file LICENSE",NA,NA,NA,NA,no,2002/04/01
hexbin,/home/david/miniconda3/envs/vocc-env/lib/R/library,2002/01/28,NA,"R (>= 2.0.1), methods","lattice, grid, graphics, grDevices, stats, utils",NA,"marray, affy, Biobase, limma, knitr",NA,GPL-2,NA,NA,NA,NA,yes,2000/04/01
highr,/home/david/miniconda3/envs/vocc-env/lib/R/library,0.9,NA,"R (>= 3.2.3)","xfun (>= 0.18)",NA,"knitr, markdown, testit",NA,GPL,NA,NA,NA,NA,no,2000/04/01
hms,/home/david/miniconda3/envs/vocc-env/lib/R/library,2000/01/01,NA,NA,"ellipsis (>= 0.3.2), lifecycle, methods, pkgconfig, rlang,
vctrs (>= 0.3.8)",NA,"crayon, lubridate, pillar (>= 1.1.0), testthat (>= 3.0.0)",NA,"MIT + file LICENSE",NA,NA,NA,NA,no,2000/04/01
htmltools,/home/david/miniconda3/envs/vocc-env/lib/R/library,0.5.1.1,NA,"R (>= 2.14.1)","utils, digest, grDevices, base64enc, rlang",NA,"markdown, testthat, withr, Cairo, ragg, shiny",knitr,"GPL (>= 2)",NA,NA,NA,NA,yes,2000/04/01
htmlwidgets,/home/david/miniconda3/envs/vocc-env/lib/R/library,2003/01/05,NA,NA,"grDevices, htmltools (>= 0.3), jsonlite (>= 0.9.16), yaml",NA,"knitr (>= 1.8), rmarkdown, testthat","shiny (>= 1.1)","MIT + file LICENSE",NA,NA,NA,NA,no,2000/04/01
httpcode,/home/david/miniconda3/envs/vocc-env/lib/R/library,0.3.0,NA,NA,NA,NA,testthat,NA,"MIT + file LICENSE",NA,NA,NA,NA,no,2000/04/01
httpuv,/home/david/miniconda3/envs/vocc-env/lib/R/library,2001/01/06,NA,"R (>= 2.15.1)","Rcpp (>= 0.11.0), utils, R6, promises, later (>= 0.8.0)","Rcpp, later","testthat, callr, curl, websocket",NA,"GPL (>= 2) | file LICENSE",NA,NA,NA,NA,yes,2000/04/01
httr,/home/david/miniconda3/envs/vocc-env/lib/R/library,2002/01/04,NA,"R (>= 3.2)","curl (>= 3.0.0), jsonlite, mime, openssl (>= 0.8), R6",NA,"covr, httpuv, jpeg, knitr, png, readr, rmarkdown, testthat
(>= 0.8.0), xml2",NA,"MIT + file LICENSE",NA,NA,NA,NA,no,2000/04/01
ids,/home/david/miniconda3/envs/vocc-env/lib/R/library,1.0.1,NA,NA,"openssl, uuid",NA,"knitr, rcorpora, rmarkdown, testthat",NA,"MIT + file LICENSE",NA,NA,NA,NA,no,2000/04/01
igraph,/home/david/miniconda3/envs/vocc-env/lib/R/library,2006/01/02,NA,methods,"graphics, grDevices, magrittr, Matrix, pkgconfig (>= 2.0.0),
stats, utils",NA,"ape, digest, graph, igraphdata, rgl, scales, stats4, tcltk,
testthat, withr",NA,"GPL (>= 2)",NA,NA,NA,NA,yes,2000/04/01
ini,/home/david/miniconda3/envs/vocc-env/lib/R/library,0.3.1,NA,NA,NA,NA,testthat,NA,GPL-3,NA,NA,NA,NA,no,2000/04/01
intervals,/home/david/miniconda3/envs/vocc-env/lib/R/library,0.15.2,NA,"R (>= 2.9.0)","utils, graphics, methods",NA,NA,NA,Artistic-2.0,NA,NA,NA,NA,yes,2000/04/01
ipred,/home/david/miniconda3/envs/vocc-env/lib/R/library,0.9-11,NA,"R (>= 2.10)","rpart (>= 3.1-8), MASS, survival, nnet, class, prodlim",NA,"mvtnorm, mlbench, TH.data, randomForest, party",NA,"GPL (>= 2)",NA,NA,NA,NA,yes,2000/04/01
IRdisplay,/home/david/miniconda3/envs/vocc-env/lib/R/library,1,NA,"R (>= 3.0.1)","methods,
repr",NA,"testthat,
withr",NA,"MIT + file LICENSE",NA,NA,NA,NA,NA,2000/04/01
IRkernel,/home/david/miniconda3/envs/vocc-env/lib/R/library,1.2,NA,"R (>= 3.2.0)","repr (>= 0.4.99), methods, evaluate (>= 0.10), IRdisplay (>=
0.3.0.9999), pbdZMQ (>= 0.2-1), crayon, jsonlite (>= 0.9.6),
uuid, digest",NA,"testthat, roxygen2",NA,"MIT + file LICENSE",NA,NA,NA,NA,no,2000/04/01
isoband,/home/david/miniconda3/envs/vocc-env/lib/R/library,0.2.5,NA,NA,"grid, utils",NA,"covr, ggplot2, knitr, magick, microbenchmark, rmarkdown, sf,
testthat, xml2",NA,"MIT + file LICENSE",NA,NA,NA,NA,yes,2000/04/01
iterators,/home/david/miniconda3/envs/vocc-env/lib/R/library,1.0.13,NA,"R (>= 2.5.0), utils",NA,NA,"RUnit, foreach",NA,"Apache License (== 2.0)",NA,NA,NA,NA,no,2000/04/01
itertools,/home/david/miniconda3/envs/vocc-env/lib/R/library,0.1-3,NA,"R (>= 2.14.0), iterators(>= 1.0.0)",parallel,NA,foreach,NA,GPL-2,NA,NA,NA,NA,no,2002/04/01
jpeg,/home/david/miniconda3/envs/vocc-env/lib/R/library,0.1-8.1,NA,"R (>= 2.9.0)",NA,NA,NA,NA,"GPL-2 | GPL-3",NA,NA,NA,NA,yes,2000/04/01
jquerylib,/home/david/miniconda3/envs/vocc-env/lib/R/library,0.1.4,NA,NA,htmltools,NA,testthat,NA,"MIT + file LICENSE",NA,NA,NA,NA,no,2000/04/01
jsonlite,/home/david/miniconda3/envs/vocc-env/lib/R/library,2002/01/07,NA,methods,NA,NA,"httr, curl, plyr, testthat, knitr, rmarkdown, R.rsp, sf",NA,"MIT + file LICENSE",NA,NA,NA,NA,yes,2000/04/01
KernSmooth,/home/david/miniconda3/envs/vocc-env/lib/R/library,2020/02/23,recommended,"R (>= 2.5.0), stats",NA,NA,"MASS, carData",NA,Unlimited,NA,NA,NA,NA,yes,2000/04/01
knitr,/home/david/miniconda3/envs/vocc-env/lib/R/library,1.33,NA,"R (>= 3.2.3)","evaluate (>= 0.10), highr, methods, markdown, stringr (>=
0.6), yaml (>= 2.1.19), xfun (>= 0.21), tools",NA,"formatR, testit, digest, rgl (>= 0.95.1201), codetools,
rmarkdown, htmlwidgets (>= 0.7), webshot, tikzDevice (>= 0.10),
tinytex, reticulate (>= 1.4), JuliaCall (>= 0.11.1), magick,
png, jpeg, gifski, xml2 (>= 1.2.0), httr, DBI (>= 0.4-1),
showtext, tibble, sass, bslib, ragg, styler (>= 1.2.0)",NA,GPL,NA,NA,NA,NA,no,2000/04/01
labeling,/home/david/miniconda3/envs/vocc-env/lib/R/library,0.4.2,NA,NA,"stats, graphics",NA,NA,NA,"MIT + file LICENSE | Unlimited",NA,NA,NA,NA,no,2000/04/01
later,/home/david/miniconda3/envs/vocc-env/lib/R/library,2000/01/02,NA,NA,"Rcpp (>= 0.12.9), rlang",Rcpp,"knitr, rmarkdown, testthat (>= 2.1.0)",NA,"MIT + file LICENSE",NA,NA,NA,NA,yes,2000/04/01
lattice,/home/david/miniconda3/envs/vocc-env/lib/R/library,0.20-44,recommended,"R (>= 3.0.0)","grid, grDevices, graphics, stats, utils",NA,"KernSmooth, MASS, latticeExtra",chron,"GPL (>= 2)",NA,NA,NA,NA,yes,2000/04/01
latticeExtra,/home/david/miniconda3/envs/vocc-env/lib/R/library,0.6-29,NA,"R (>= 3.6.0), lattice","grid, stats, utils, grDevices, png, jpeg, RColorBrewer",NA,"maps, mapproj, deldir, tripack, quantreg, zoo, MASS, mgcv",NA,"GPL (>= 2)",NA,NA,NA,NA,no,2000/04/01
lava,/home/david/miniconda3/envs/vocc-env/lib/R/library,2009/01/06,NA,"R (>= 3.0)","grDevices, graphics, methods, numDeriv, stats, survival,
SQUAREM, utils",NA,"KernSmooth, Matrix, Rgraphviz, data.table, ellipse, fields,
foreach, geepack, gof (>= 0.9), graph, knitr, bookdown,
rmarkdown, igraph (>= 0.6), lava.tobit (>= 0.4.7), lavaSearch2,
lme4, magrittr, mets (>= 1.1), nlme, optimx, polycor, quantreg,
rgl, R.rsp (>= 0.40), testthat (>= 0.11), visNetwork, zoo",NA,GPL-3,NA,NA,NA,NA,no,2000/04/01
lazyeval,/home/david/miniconda3/envs/vocc-env/lib/R/library,0.2.2,NA,"R (>= 3.1.0)",NA,NA,"knitr, rmarkdown (>= 0.2.65), testthat, covr",NA,GPL-3,NA,NA,NA,NA,yes,2000/04/01
leaflet,/home/david/miniconda3/envs/vocc-env/lib/R/library,2.0.4.1,NA,"R (>= 3.1.0)","base64enc, crosstalk, htmlwidgets, htmltools, magrittr,
markdown, methods, png, RColorBrewer, raster, scales (>=
1.0.0), sp, stats, viridis (>= 0.5.1), leaflet.providers (>=
1.8.0)",NA,"knitr, maps, sf (>= 0.9-6), shiny, rgdal, rgeos, R6, RJSONIO,
purrr, testthat",NA,GPL-3,NA,NA,NA,NA,no,2000/04/01
leaflet.providers,/home/david/miniconda3/envs/vocc-env/lib/R/library,2000/01/09,NA,"R (>= 2.10)",NA,NA,"V8, jsonlite, testthat (>= 2.1.0)",NA,"BSD_2_clause + file LICENSE",NA,NA,NA,NA,no,2000/04/01
LearnBayes,/home/david/miniconda3/envs/vocc-env/lib/R/library,2001/02/15,NA,NA,NA,NA,NA,NA,"GPL (>= 2)",NA,NA,NA,NA,no,2000/04/01
libcoin,/home/david/miniconda3/envs/vocc-env/lib/R/library,1.0-9,NA,"R (>= 3.4.0)","stats, mvtnorm",mvtnorm,coin,NA,GPL-2,NA,NA,NA,NA,yes,2002/04/01
lifecycle,/home/david/miniconda3/envs/vocc-env/lib/R/library,1.0.0,NA,"R (>= 3.3)","glue, rlang (>= 0.4.10)",NA,"covr, crayon, knitr, rmarkdown, testthat (>= 3.0.1), tibble",NA,"MIT + file LICENSE",NA,NA,NA,NA,no,2000/04/01
linprog,/home/david/miniconda3/envs/vocc-env/lib/R/library,0.9-2,NA,"R (>= 2.4.0), lpSolve",NA,NA,NA,NA,"GPL (>= 2)",NA,NA,NA,NA,NA,2002/04/01
lintr,/home/david/miniconda3/envs/vocc-env/lib/R/library,2.0.1,NA,"R (>= 3.2)","rex, crayon, codetools, cyclocomp, testthat (>= 2.2.1),
digest, rstudioapi (>= 0.2), httr (>= 1.2.1), jsonlite, knitr,
stats, utils, xml2 (>= 1.0.0), xmlparsedata (>= 1.0.3)",NA,"rmarkdown, mockery",NA,"MIT + file LICENSE",NA,NA,NA,NA,no,2000/04/01
lme4,/home/david/miniconda3/envs/vocc-env/lib/R/library,1.1-27.1,NA,"R (>= 3.2.0), Matrix (>= 1.2-1), methods, stats","graphics, grid, splines, utils, parallel, MASS, lattice, boot,
nlme (>= 3.1-123), minqa (>= 1.1.15), nloptr (>= 1.0.4)","Rcpp (>= 0.10.5), RcppEigen","knitr, rmarkdown, PKPDmodels, MEMSS, testthat (>= 0.8.1),
ggplot2, mlmRev, optimx (>= 2013.8.6), gamm4, pbkrtest, HSAUR3,
numDeriv, car, dfoptim, mgcv, statmod, rr2, semEff",NA,"GPL (>= 2)",NA,NA,NA,NA,yes,2000/04/01
lmom,/home/david/miniconda3/envs/vocc-env/lib/R/library,2.9,NA,"R (>= 3.0.0)","stats, graphics",NA,NA,NA,"Common Public License Version 1.0",NA,NA,NA,NA,yes,2002/04/01
lmtest,/home/david/miniconda3/envs/vocc-env/lib/R/library,0.9-38,NA,"R (>= 3.0.0), stats, zoo",graphics,NA,"car, strucchange, sandwich, dynlm, stats4, survival, AER",NA,"GPL-2 | GPL-3",NA,NA,NA,NA,yes,2000/04/01
lpSolve,/home/david/miniconda3/envs/vocc-env/lib/R/library,2015/05/06,NA,NA,NA,NA,NA,NA,LGPL-2,NA,NA,NA,NA,yes,2002/04/01
lubridate,/home/david/miniconda3/envs/vocc-env/lib/R/library,2010/01/07,NA,"methods, R (>= 3.2)","generics, Rcpp (>= 0.12.13)",Rcpp,"covr, knitr, testthat (>= 2.1.0), vctrs (>= 0.3.0), rmarkdown","chron, timeDate, tis, zoo","GPL (>= 2)",NA,NA,NA,NA,yes,2000/04/01
lwgeom,/home/david/miniconda3/envs/vocc-env/lib/R/library,0.2-8,NA,"R (>= 3.3.0)","Rcpp, units, sf (>= 0.9-3)","Rcpp, sf (>= 0.6-0)","covr, sp, geosphere, testthat",NA,GPL-2,NA,NA,NA,NA,yes,2002/04/01
magic,/home/david/miniconda3/envs/vocc-env/lib/R/library,2000/01/06,NA,"R (>= 2.10), abind",NA,NA,NA,NA,GPL-2,NA,NA,NA,NA,no,2002/04/01
magick,/home/david/miniconda3/envs/vocc-env/lib/R/library,2003/02/07,NA,NA,"Rcpp (>= 0.12.12), magrittr, curl",Rcpp,"av (>= 0.3), spelling, jsonlite, methods, knitr, rmarkdown,
rsvg, webp, pdftools, ggplot2, gapminder, IRdisplay, tesseract
(>= 2.0), gifski",NA,"MIT + file LICENSE",NA,NA,NA,NA,yes,2001/04/01
magrittr,/home/david/miniconda3/envs/vocc-env/lib/R/library,2.0.1,NA,NA,NA,NA,"covr, knitr, rlang, rmarkdown, testthat",NA,"MIT + file LICENSE",NA,NA,NA,NA,yes,2000/04/01
mapplots,/home/david/miniconda3/envs/vocc-env/lib/R/library,2001/01/05,NA,"R (>= 2.10.0)",NA,NA,shapefiles,NA,"GPL (>= 2)",NA,NA,NA,NA,no,2000/04/01
maps,/home/david/miniconda3/envs/vocc-env/lib/R/library,2000/03/03,NA,"R (>= 3.0.0)","graphics, utils",NA,"mapproj (>= 1.2-0), mapdata (>= 2.3.0), sp, maptools,
rnaturalearth",NA,GPL-2,NA,NA,NA,NA,yes,2000/04/01
maptools,/home/david/miniconda3/envs/vocc-env/lib/R/library,2002/01/01,NA,"R (>= 2.10), sp (>= 1.0-11)","foreign (>= 0.8), methods, grid, lattice, stats, utils,
grDevices",NA,"rgeos (>= 0.1-8), spatstat.geom (>= 1.65-0), PBSmapping,
maps, RColorBrewer, raster, polyclip, plotrix, spatstat.linnet
(>= 1.65-3), spatstat.utils (>= 1.19.0), spatstat (>= 2.0-0)",gpclib,"GPL (>= 2)",NA,NA,NA,NA,yes,2002/04/01
markdown,/home/david/miniconda3/envs/vocc-env/lib/R/library,1.1,NA,"R (>= 2.11.1)","utils, xfun, mime (>= 0.3)",NA,"knitr, RCurl",NA,GPL-2,NA,NA,NA,NA,yes,2000/04/01
MASS,/home/david/miniconda3/envs/vocc-env/lib/R/library,1954/07/03,recommended,"R (>= 3.3.0), grDevices, graphics, stats, utils",methods,NA,"lattice, nlme, nnet, survival",NA,"GPL-2 | GPL-3",NA,NA,NA,NA,yes,2000/04/01
Matrix,/home/david/miniconda3/envs/vocc-env/lib/R/library,2004/01/03,recommended,"R (>= 3.5.0)","methods, graphics, grid, stats, utils, lattice",NA,"expm, MASS","MatrixModels, graph, SparseM, sfsmisc, igraph, maptools, sp,
spdep","GPL (>= 2) | file LICENCE",NA,NA,NA,NA,yes,2000/04/01
MatrixModels,/home/david/miniconda3/envs/vocc-env/lib/R/library,0.5-0,NA,"R (>= 3.0.1)","stats, methods, Matrix (>= 1.1-5)",NA,NA,NA,"GPL (>= 2)",NA,NA,NA,NA,no,2000/04/01
matrixStats,/home/david/miniconda3/envs/vocc-env/lib/R/library,0.59.0,NA,"R (>= 2.12.0)",NA,NA,"base64enc, ggplot2, knitr, microbenchmark, R.devices, R.rsp",NA,Artistic-2.0,NA,NA,NA,NA,yes,2000/04/01
mcmc,/home/david/miniconda3/envs/vocc-env/lib/R/library,0.9-7,NA,"R (>= 3.0.2)",stats,NA,"xtable, Iso",NA,"MIT + file LICENSE",NA,NA,NA,NA,yes,2000/04/01
MCMCpack,/home/david/miniconda3/envs/vocc-env/lib/R/library,2000/01/06,NA,"R (>= 3.6), coda (>= 0.11-3), MASS, stats","graphics, grDevices, lattice, methods, utils, mcmc, quantreg",NA,NA,NA,GPL-3,NA,NA,NA,NA,yes,2000/04/01
memoise,/home/david/miniconda3/envs/vocc-env/lib/R/library,2.0.0,NA,NA,"rlang (>= 0.4.10), cachem",NA,"digest, aws.s3, covr, googleAuthR, googleCloudStorageR, httr,
testthat",NA,"MIT + file LICENSE",NA,NA,NA,NA,no,2000/04/01
methods,/home/david/miniconda3/envs/vocc-env/lib/R/library,2002/04/01,base,NA,"utils, stats",NA,codetools,NA,"Part of R 4.1.2",NA,NA,NA,NA,yes,2002/04/01
mgcv,/home/david/miniconda3/envs/vocc-env/lib/R/library,1938/01/08,recommended,"R (>= 3.6.0), nlme (>= 3.1-64)","methods, stats, graphics, Matrix, splines, utils",NA,"parallel, survival, MASS",NA,"GPL (>= 2)",NA,NA,NA,NA,yes,2001/04/01
mime,/home/david/miniconda3/envs/vocc-env/lib/R/library,0.11,NA,NA,tools,NA,NA,NA,GPL,NA,NA,NA,NA,yes,2000/04/01
miniUI,/home/david/miniconda3/envs/vocc-env/lib/R/library,0.1.1.1,NA,NA,"shiny (>= 0.13), htmltools (>= 0.3), utils",NA,NA,NA,GPL-3,NA,NA,NA,NA,no,2000/04/01
minqa,/home/david/miniconda3/envs/vocc-env/lib/R/library,2004/01/02,NA,NA,"Rcpp (>= 0.9.10)",Rcpp,NA,NA,GPL-2,NA,NA,NA,NA,yes,2000/04/01
ModelMetrics,/home/david/miniconda3/envs/vocc-env/lib/R/library,1.2.2.2,NA,"R (>= 3.2.2)","Rcpp, data.table",Rcpp,testthat,NA,"GPL (>= 2)",NA,NA,NA,NA,yes,2000/04/01
modelr,/home/david/miniconda3/envs/vocc-env/lib/R/library,0.1.8,NA,"R (>= 3.2)","broom, magrittr, purrr (>= 0.2.2), rlang (>= 0.2.0), tibble,
tidyr (>= 0.8.0), tidyselect, vctrs",NA,"compiler, covr, ggplot2, testthat",NA,GPL-3,NA,NA,NA,NA,no,2000/04/01
modeltools,/home/david/miniconda3/envs/vocc-env/lib/R/library,0.2-23,NA,"stats, stats4",methods,NA,NA,NA,GPL-2,NA,NA,NA,NA,no,2002/04/01
multcomp,/home/david/miniconda3/envs/vocc-env/lib/R/library,2019/01/04,NA,"stats, graphics, mvtnorm (>= 1.0-10), survival (>= 2.39-4),
TH.data (>= 1.0-2)","sandwich (>= 2.3-0), codetools",NA,"lme4 (>= 0.999375-16), nlme, robustbase, coin, MASS, foreign,
xtable, lmtest, coxme (>= 2.2-1), SimComp, ISwR, tram (>=
0.2-5), fixest (>= 0.10)",NA,GPL-2,NA,NA,NA,NA,no,2002/04/01
multcompView,/home/david/miniconda3/envs/vocc-env/lib/R/library,0.1-8,NA,NA,grid,NA,"multcomp, pgirmess, MASS",NA,GPL,NA,NA,NA,NA,no,2002/04/01
munsell,/home/david/miniconda3/envs/vocc-env/lib/R/library,0.5.0,NA,NA,"colorspace, methods",NA,"ggplot2, testthat",NA,"MIT + file LICENSE",NA,NA,NA,NA,no,2000/04/01
mvtnorm,/home/david/miniconda3/envs/vocc-env/lib/R/library,2003/01/01,NA,"R(>= 3.5.0)","stats, methods",NA,NA,NA,GPL-2,NA,NA,NA,NA,yes,2002/04/01
ncdf4,/home/david/miniconda3/envs/vocc-env/lib/R/library,1.17,NA,NA,NA,NA,NA,NA,"GPL (>= 3)",NA,NA,NA,NA,yes,2000/04/01
ncf,/home/david/miniconda3/envs/vocc-env/lib/R/library,2002/01/03,NA,"R (>= 2.8.0)",NA,NA,NA,NA,GPL-3,NA,NA,NA,NA,no,2002/04/01
nlme,/home/david/miniconda3/envs/vocc-env/lib/R/library,3.1-152,recommended,"R (>= 3.4.0)","graphics, stats, utils, lattice",NA,"Hmisc, MASS",NA,"GPL (>= 2) | file LICENCE",NA,NA,NA,NA,yes,2000/04/01
nloptr,/home/david/miniconda3/envs/vocc-env/lib/R/library,1.2.2.2,NA,NA,NA,NA,"testthat (>= 0.8.1), knitr, rmarkdown, inline (>= 0.3.14)",NA,LGPL-3,NA,NA,NA,NA,yes,2000/04/01
nnet,/home/david/miniconda3/envs/vocc-env/lib/R/library,2016/07/03,recommended,"R (>= 3.0.0), stats, utils",NA,NA,MASS,NA,"GPL-2 | GPL-3",NA,NA,NA,NA,yes,2000/04/01
nortest,/home/david/miniconda3/envs/vocc-env/lib/R/library,1.0-4,NA,NA,stats,NA,NA,NA,"GPL (>= 2)",NA,NA,NA,NA,no,2002/04/01
numDeriv,/home/david/miniconda3/envs/vocc-env/lib/R/library,2016.8-1.1,NA,"R (>= 2.11.1)",NA,NA,NA,NA,GPL-2,NA,NA,NA,NA,no,2000/04/01
openssl,/home/david/miniconda3/envs/vocc-env/lib/R/library,2006/01/04,NA,NA,askpass,NA,"testthat (>= 2.1.0), digest, knitr, rmarkdown, jsonlite,
jose, sodium",NA,"MIT + file LICENSE",NA,NA,NA,NA,yes,2002/04/01
openxlsx,/home/david/miniconda3/envs/vocc-env/lib/R/library,2005/04/02,NA,"R (>= 3.3.0)","grDevices, methods, Rcpp, stats, stringi, utils, zip",Rcpp,"knitr, rmarkdown, roxygen2, testthat",NA,"MIT + file LICENSE",NA,NA,NA,NA,yes,2001/04/01
parallel,/home/david/miniconda3/envs/vocc-env/lib/R/library,2002/04/01,base,NA,"tools, compiler",NA,methods,"snow, nws, Rmpi","Part of R 4.1.2",NA,NA,NA,NA,yes,2002/04/01
patchwork,/home/david/miniconda3/envs/vocc-env/lib/R/library,2001/01/01,NA,NA,"ggplot2 (>= 3.0.0), gtable, grid, stats, grDevices, utils,
graphics",NA,"knitr, rmarkdown, gridGraphics, gridExtra, ragg, testthat (>=
2.1.0), vdiffr, covr, png",NA,"MIT + file LICENSE",NA,NA,NA,NA,no,2000/04/01
pbapply,/home/david/miniconda3/envs/vocc-env/lib/R/library,2000/01/05,NA,"R (>= 3.2.0)",parallel,NA,shiny,NA,GPL-2,NA,NA,NA,NA,no,2002/04/01
pbdZMQ,/home/david/miniconda3/envs/vocc-env/lib/R/library,0.3-5,NA,"R (>= 3.5.0)",NA,NA,NA,NA,GPL-3,NA,NA,NA,NA,yes,2000/04/01
pbkrtest,/home/david/miniconda3/envs/vocc-env/lib/R/library,0.5.1,NA,"R (>= 3.5.0), lme4 (>= 1.1.10)","broom, dplyr, magrittr, MASS, Matrix (>= 1.2.3), methods,
numDeriv, parallel, knitr",NA,NA,NA,"GPL (>= 2)",NA,NA,NA,NA,no,2002/04/01
pdftools,/home/david/miniconda3/envs/vocc-env/lib/R/library,2000/03/01,NA,NA,"Rcpp (>= 0.12.12), qpdf",Rcpp,"png, webp, tesseract, testthat",NA,"MIT + file LICENSE",NA,NA,NA,NA,yes,2002/04/01
permute,/home/david/miniconda3/envs/vocc-env/lib/R/library,0.9-7,NA,"R (>= 2.14.0)",stats,NA,"vegan (>= 2.0-0), testthat (>= 0.5), parallel, knitr,
rmarkdown, bookdown, sessioninfo",NA,GPL-2,NA,NA,NA,NA,no,2002/04/01
phangorn,/home/david/miniconda3/envs/vocc-env/lib/R/library,2001/02/08,NA,"ape (>= 5.5), R (>= 4.1.0)","fastmatch, graphics, grDevices, igraph (>= 1.0), Matrix,
methods, parallel, quadprog, Rcpp, stats, utils",Rcpp,"Biostrings, knitr, magick, prettydoc, rgl, rmarkdown, seqinr,
seqLogo, tinytest, xtable",NA,"GPL (>= 2)",NA,NA,NA,NA,yes,2002/04/01
picante,/home/david/miniconda3/envs/vocc-env/lib/R/library,2002/01/08,NA,"ape, vegan, nlme, methods",NA,NA,"brglm, circular, corpcor, quantreg",NA,GPL-2,NA,NA,NA,NA,yes,2002/04/01
pillar,/home/david/miniconda3/envs/vocc-env/lib/R/library,2001/01/06,NA,NA,"cli, crayon (>= 1.3.4), ellipsis (>= 0.3.2), fansi, lifecycle,
rlang (>= 0.3.0), utf8 (>= 1.1.0), utils, vctrs (>= 0.3.8)",NA,"bit64, debugme, DiagrammeR, dplyr, formattable, ggplot2,
knitr, lubridate, nycflights13, palmerpenguins, rmarkdown,
scales, stringi, survival, testthat (>= 3.0.2), tibble, units,
withr",NA,"MIT + file LICENSE",NA,NA,NA,NA,no,2000/04/01
pkgbuild,/home/david/miniconda3/envs/vocc-env/lib/R/library,2000/01/02,NA,"R (>= 3.1)","callr (>= 3.2.0), cli, crayon, desc, prettyunits, R6,
rprojroot, withr (>= 2.1.2)",NA,"Rcpp, cpp11, testthat, covr",NA,"MIT + file LICENSE",NA,NA,NA,NA,no,2000/04/01
pkgconfig,/home/david/miniconda3/envs/vocc-env/lib/R/library,2.0.3,NA,NA,utils,NA,"covr, testthat, disposables (>= 1.0.3)",NA,"MIT + file LICENSE",NA,NA,NA,NA,no,2000/04/01
pkgload,/home/david/miniconda3/envs/vocc-env/lib/R/library,2001/01/02,NA,NA,"cli, crayon, desc, methods, rlang, rprojroot, rstudioapi,
utils, withr",NA,"bitops, covr, pkgbuild, Rcpp, testthat",NA,GPL-3,NA,NA,NA,NA,yes,2000/04/01
plogr,/home/david/miniconda3/envs/vocc-env/lib/R/library,0.2.0,NA,NA,NA,NA,Rcpp,NA,"MIT + file LICENSE",NA,NA,NA,NA,no,2000/04/01
plyr,/home/david/miniconda3/envs/vocc-env/lib/R/library,2006/01/08,NA,"R (>= 3.1.0)","Rcpp (>= 0.11.0)",Rcpp,"abind, covr, doParallel, foreach, iterators, itertools,
tcltk, testthat",NA,"MIT + file LICENSE",NA,NA,NA,NA,yes,2000/04/01
png,/home/david/miniconda3/envs/vocc-env/lib/R/library,0.1-7,NA,"R (>= 2.9.0)",NA,NA,NA,NA,"GPL-2 | GPL-3",NA,NA,NA,NA,yes,2000/04/01
praise,/home/david/miniconda3/envs/vocc-env/lib/R/library,1.0.0,NA,NA,NA,NA,testthat,NA,"MIT + file LICENSE",NA,NA,NA,NA,no,2000/04/01
prettydoc,/home/david/miniconda3/envs/vocc-env/lib/R/library,0.4.1,NA,NA,"rmarkdown (>= 1.17)",NA,"knitr, KernSmooth",NA,"Apache License (>= 2.0)",NA,NA,NA,NA,no,2000/04/01
prettyunits,/home/david/miniconda3/envs/vocc-env/lib/R/library,2001/01/01,NA,NA,NA,NA,"codetools, covr, testthat",NA,"MIT + file LICENSE",NA,NA,NA,NA,no,2000/04/01
princurve,/home/david/miniconda3/envs/vocc-env/lib/R/library,2006/02/01,NA,"R (>= 3.0)","stats, graphics, grDevices, Rcpp",Rcpp,"devtools, testthat",NA,GPL-2,NA,NA,NA,NA,yes,2002/04/01
pROC,/home/david/miniconda3/envs/vocc-env/lib/R/library,1.17.0.1,NA,"R (>= 2.14)","methods, plyr, Rcpp (>= 0.11.1)",Rcpp,"microbenchmark, tcltk, MASS, logcondens, doParallel,
testthat, vdiffr, ggplot2",NA,"GPL (>= 3)",NA,NA,NA,NA,yes,2000/04/01
processx,/home/david/miniconda3/envs/vocc-env/lib/R/library,2002/03/05,NA,NA,"ps (>= 1.2.0), R6, utils",NA,"callr (>= 3.2.0), cli, codetools, covr, curl, debugme,
parallel, testthat, withr",NA,"MIT + file LICENSE",NA,NA,NA,NA,yes,2000/04/01
prodlim,/home/david/miniconda3/envs/vocc-env/lib/R/library,2019/11/13,NA,"R (>= 2.9.0)","Rcpp (>= 0.11.5), stats, grDevices, graphics, survival,
KernSmooth, lava",Rcpp,NA,NA,"GPL (>= 2)",NA,NA,NA,NA,yes,2000/04/01
profileModel,/home/david/miniconda3/envs/vocc-env/lib/R/library,0.6.1,NA,"R (>= 2.6.0)",NA,NA,"MASS, gnm",NA,"GPL (>= 2)",NA,NA,NA,NA,no,2002/04/01
progress,/home/david/miniconda3/envs/vocc-env/lib/R/library,2002/01/02,NA,NA,"hms, prettyunits, R6, crayon",NA,"Rcpp, testthat, withr",NA,"MIT + file LICENSE",NA,NA,NA,NA,no,2000/04/01
promises,/home/david/miniconda3/envs/vocc-env/lib/R/library,1.2.0.1,NA,NA,"R6, Rcpp, later, rlang, stats, magrittr","later, Rcpp","testthat, future (>= 1.21.0), fastmap (>= 1.1.0), purrr,
knitr, rmarkdown, vembedr, spelling",NA,"MIT + file LICENSE",NA,NA,NA,NA,yes,2000/04/01
proxy,/home/david/miniconda3/envs/vocc-env/lib/R/library,0.4-26,NA,"R (>= 3.4.0)","stats, utils",NA,cba,NA,GPL-2,NA,NA,NA,NA,yes,2000/04/01
pryr,/home/david/miniconda3/envs/vocc-env/lib/R/library,0.1.4,NA,"R (>= 3.1.0)","stringr, codetools, methods, Rcpp (>= 0.11.0)",Rcpp,"testthat (>= 0.8.0)",NA,GPL-2,NA,NA,NA,NA,yes,2000/04/01
ps,/home/david/miniconda3/envs/vocc-env/lib/R/library,2000/01/06,NA,"R (>= 3.1)",utils,NA,"callr, covr, curl, pingr, processx (>= 3.1.0), R6, rlang,
testthat, tibble",NA,"MIT + file LICENSE",NA,NA,NA,NA,yes,2000/04/01
purrr,/home/david/miniconda3/envs/vocc-env/lib/R/library,0.3.4,NA,"R (>= 3.2)","magrittr (>= 1.5), rlang (>= 0.3.1)",NA,"covr, crayon, dplyr (>= 0.7.8), knitr, rmarkdown, testthat,
tibble, tidyselect",NA,"GPL-3 | file LICENSE",NA,NA,NA,NA,yes,2000/04/01
qgam,/home/david/miniconda3/envs/vocc-env/lib/R/library,2003/01/03,NA,"R (>= 3.5.0), mgcv (>= 1.8-28)","shiny, plyr, doParallel, parallel, grDevices",NA,"knitr, rmarkdown, MASS, RhpcBLASctl, testthat",NA,"GPL (>= 2)",NA,NA,NA,NA,yes,2000/04/01
qpdf,/home/david/miniconda3/envs/vocc-env/lib/R/library,1.1,NA,NA,"Rcpp, askpass, curl",Rcpp,testthat,NA,"Apache License 2.0",NA,NA,NA,NA,yes,2000/04/01
quadprog,/home/david/miniconda3/envs/vocc-env/lib/R/library,2008/01/05,NA,"R (>= 3.1.0)",NA,NA,NA,NA,"GPL (>= 2)",NA,NA,NA,NA,yes,2002/04/01
quantmod,/home/david/miniconda3/envs/vocc-env/lib/R/library,0.4.18,NA,"R (>= 3.2.0), xts(>= 0.9-0), zoo, TTR(>= 0.2), methods",curl,NA,"DBI,RMySQL,RSQLite,timeSeries,xml2,downloader,jsonlite(>=
1.1)",NA,GPL-3,NA,NA,NA,NA,no,2000/04/01
quantreg,/home/david/miniconda3/envs/vocc-env/lib/R/library,5.86,NA,"R (>= 2.6), stats, SparseM","methods, graphics, Matrix, MatrixModels, conquer",NA,"tripack, akima, MASS, survival, rgl, logspline, nor1mix,
Formula, zoo, R.rsp",NA,"GPL (>= 2)",NA,NA,NA,NA,yes,2000/04/01
R.cache,/home/david/miniconda3/envs/vocc-env/lib/R/library,0.15.0,NA,"R (>= 2.14.0)","utils, R.methodsS3 (>= 1.8.1), R.oo (>= 1.24.0), R.utils (>=
2.10.1), digest (>= 0.6.13)",NA,NA,NA,"LGPL (>= 2.1)",NA,NA,NA,NA,no,2000/04/01
R.methodsS3,/home/david/miniconda3/envs/vocc-env/lib/R/library,2001/01/08,NA,"R (>= 2.13.0)",utils,NA,codetools,NA,"LGPL (>= 2.1)",NA,NA,NA,NA,no,2000/04/01
R.oo,/home/david/miniconda3/envs/vocc-env/lib/R/library,2000/01/24,NA,"R (>= 2.13.0), R.methodsS3 (>= 1.8.0)","methods, utils",NA,tools,NA,"LGPL (>= 2.1)",NA,NA,NA,NA,no,2000/04/01
R.utils,/home/david/miniconda3/envs/vocc-env/lib/R/library,2001/02/10,NA,"R (>= 2.14.0), R.oo (>= 1.23.0)","methods, utils, tools, R.methodsS3 (>= 1.8.0)",NA,"digest (>= 0.6.10)",NA,"LGPL (>= 2.1)",NA,NA,NA,NA,no,2000/04/01
R6,/home/david/miniconda3/envs/vocc-env/lib/R/library,2000/02/05,NA,"R (>= 3.0)",NA,NA,"knitr, microbenchmark, pryr, testthat, ggplot2, scales",NA,"MIT + file LICENSE",NA,NA,NA,NA,no,2000/04/01
randomForest,/home/david/miniconda3/envs/vocc-env/lib/R/library,2014/04/06,NA,"R (>= 3.2.2), stats",NA,NA,"RColorBrewer, MASS",NA,"GPL (>= 2)",NA,NA,NA,NA,yes,2000/04/01
rappdirs,/home/david/miniconda3/envs/vocc-env/lib/R/library,0.3.3,NA,"R (>= 3.2)",NA,NA,"roxygen2, testthat (>= 3.0.0), covr, withr",NA,"MIT + file LICENSE",NA,NA,NA,NA,yes,2000/04/01
raster,/home/david/miniconda3/envs/vocc-env/lib/R/library,2013/03/04,NA,"sp (>= 1.4.1), R (>= 3.5.0)","Rcpp, methods",Rcpp,"rgdal (>= 1.5-8), rgeos (>= 0.3-8), ncdf4, igraph, tcltk,
parallel, rasterVis, MASS, sf, tinytest, gstat, fields,
exactextractr",NA,"GPL (>= 3)",NA,NA,NA,NA,yes,2000/04/01
rasterVis,/home/david/miniconda3/envs/vocc-env/lib/R/library,0.50.2,NA,"R (>= 2.14.0), methods, raster (>= 2.0-12), terra, lattice (>=
0.20-41), latticeExtra","stats, utils, parallel, grid, grDevices, RColorBrewer, hexbin,
sp (>= 1.0-6), zoo, viridisLite",NA,"rgl, ggplot2, colorspace, dichromat, sf",NA,GPL-3,NA,NA,NA,NA,no,2000/04/01
rbokeh,/home/david/miniconda3/envs/vocc-env/lib/R/library,0.5.1,NA,NA,"htmlwidgets (>= 0.5), maps, methods, jsonlite, digest, hexbin,
lazyeval, pryr, magrittr, ggplot2, scales, gistr",NA,"testthat, data.table, lattice, lintr, roxygen2 (>= 5.0.0),
latticeExtra, knitr, rmarkdown","shiny (>= 0.12)","MIT + file LICENSE",NA,NA,NA,NA,no,2000/04/01
rcdd,/home/david/miniconda3/envs/vocc-env/lib/R/library,1.5,NA,"R (>= 3.0.2)",methods,NA,NA,NA,GPL-2,NA,NA,NA,NA,yes,2002/04/01
rcmdcheck,/home/david/miniconda3/envs/vocc-env/lib/R/library,2003/01/03,NA,NA,"callr (>= 3.1.1.9000), cli (>= 1.1.0), crayon, desc (>=
1.2.0), digest, pkgbuild, prettyunits, R6, rprojroot,
sessioninfo (>= 1.1.1), utils, withr, xopen",NA,"covr, knitr, mockery, rmarkdown, testthat",NA,"MIT + file LICENSE",NA,NA,NA,NA,no,2000/04/01
RColorBrewer,/home/david/miniconda3/envs/vocc-env/lib/R/library,2002/01/01,NA,"R (>= 2.0.0)",NA,NA,NA,NA,"Apache License 2.0",NA,NA,NA,NA,no,2000/04/01
rcompanion,/home/david/miniconda3/envs/vocc-env/lib/R/library,2015/02/04,NA,"R (>= 4.1.0)","stats (>= 4.1.0), graphics (>= 4.1.0), boot (>= 1.3-28),
DescTools (>= 0.99.43), multcompView (>= 0.1-8), plyr (>=
1.8.6), coin (>= 1.4-2), lmtest (>= 0.9-38), nortest (>= 1.0-4)",NA,NA,NA,GPL-3,NA,NA,NA,NA,no,2002/04/01
Rcpp,/home/david/miniconda3/envs/vocc-env/lib/R/library,1.0.7,NA,NA,"methods, utils",NA,"tinytest, inline, rbenchmark, pkgKitten (>= 0.1.2)",NA,"GPL (>= 2)",NA,NA,NA,NA,yes,2000/04/01
RcppArmadillo,/home/david/miniconda3/envs/vocc-env/lib/R/library,0.10.7.5.0,NA,"R (>= 3.3.0)","Rcpp (>= 0.11.0), stats, utils, methods",Rcpp,"tinytest, Matrix (>= 1.3.0), pkgKitten, reticulate, slam",NA,"GPL (>= 2)",NA,NA,NA,NA,yes,2000/04/01
RcppEigen,/home/david/miniconda3/envs/vocc-env/lib/R/library,0.3.3.9.1,NA,NA,"Matrix (>= 1.1-0), Rcpp (>= 0.11.0), stats, utils",Rcpp,"inline, tinytest, pkgKitten, microbenchmark",NA,"GPL (>= 2) | file LICENSE",NA,NA,NA,NA,yes,2000/04/01
RcppProgress,/home/david/miniconda3/envs/vocc-env/lib/R/library,0.4.2,NA,NA,NA,NA,"RcppArmadillo, devtools, roxygen2, testthat",NA,"GPL (>= 3)",NA,NA,NA,NA,no,2002/04/01
readr,/home/david/miniconda3/envs/vocc-env/lib/R/library,2000/01/04,NA,"R (>= 3.1)","cli, clipr, crayon, hms (>= 0.4.1), methods, rlang, R6,
tibble, utils, lifecycle","BH, cpp11","covr, curl, dplyr, knitr, rmarkdown, spelling, stringi,
testthat, xml2",NA,"GPL (>= 2) | file LICENSE",NA,NA,NA,NA,yes,2000/04/01
readxl,/home/david/miniconda3/envs/vocc-env/lib/R/library,2001/01/03,NA,NA,"cellranger, Rcpp (>= 0.12.18), tibble (>= 1.3.1), utils","progress, Rcpp","covr, knitr, rmarkdown, rprojroot (>= 1.1), testthat",NA,GPL-3,NA,NA,NA,NA,yes,2000/04/01
recipes,/home/david/miniconda3/envs/vocc-env/lib/R/library,0.1.16,NA,"R (>= 3.1), dplyr","ellipsis, generics (>= 0.1.0), glue, gower, ipred, lifecycle,
lubridate, magrittr, Matrix, purrr (>= 0.2.3), rlang (>=
0.4.0), stats, tibble, tidyr (>= 1.0.0), tidyselect (>= 1.1.0),
timeDate, utils, withr",NA,"covr, ddalpha, dimRed (>= 0.2.2), fastICA, ggplot2, igraph,
kernlab, knitr, modeldata, RANN, RcppRoll, rmarkdown, rpart,
rsample, RSpectra, testthat (>= 2.1.0), xml2",NA,"MIT + file LICENSE",NA,NA,NA,NA,no,2000/04/01
registry,/home/david/miniconda3/envs/vocc-env/lib/R/library,0.5-1,NA,"R (>= 2.6.0)",utils,NA,NA,NA,GPL-2,NA,NA,NA,NA,no,2002/04/01
rematch,/home/david/miniconda3/envs/vocc-env/lib/R/library,1.0.1,NA,NA,NA,NA,"covr, testthat",NA,"MIT + file LICENSE",NA,NA,NA,NA,no,2000/04/01
rematch2,/home/david/miniconda3/envs/vocc-env/lib/R/library,2002/02/01,NA,NA,tibble,NA,"covr, testthat",NA,"MIT + file LICENSE",NA,NA,NA,NA,no,2000/04/01
remotes,/home/david/miniconda3/envs/vocc-env/lib/R/library,2000/02/04,NA,"R (>= 3.0.0)","methods, stats, tools, utils",NA,"brew, callr, codetools, curl, covr, git2r (>= 0.23.0), knitr,
mockery, pkgbuild (>= 1.0.1), pingr, rmarkdown, rprojroot,
testthat, webfakes, withr",NA,"MIT + file LICENSE",NA,NA,NA,NA,no,2000/04/01
repmis,/home/david/miniconda3/envs/vocc-env/lib/R/library,0.5,NA,"R (>= 3.0.0)","data.table, digest, httr, plyr, R.cache",NA,xlsx,NA,"GPL (>= 3)",NA,NA,NA,NA,no,2000/04/01
repr,/home/david/miniconda3/envs/vocc-env/lib/R/library,2003/01/01,NA,"R (>= 3.0.1)","utils, grDevices, htmltools, jsonlite, pillar (>= 1.4.0),
base64enc",NA,"methods, highr, Cairo, stringr, testthat (>= 3.0.0), leaflet","data.table, tibble, htmlwidgets, vegalite, plotly, geojsonio",GPL-3,NA,NA,NA,NA,no,2000/04/01
reprex,/home/david/miniconda3/envs/vocc-env/lib/R/library,2.0.0,NA,"R (>= 3.3)","callr (>= 3.6.0), cli (>= 2.3.1), clipr (>= 0.4.0), fs, glue,
knitr (>= 1.23), rlang (>= 0.4.0), rmarkdown, rstudioapi,
utils, withr (>= 2.3.0)",NA,"covr, fortunes, miniUI, mockr, rprojroot, sessioninfo, shiny,
spelling, styler (>= 1.2.0), testthat (>= 3.0.2)",NA,"MIT + file LICENSE",NA,NA,NA,NA,no,2000/04/01
reshape,/home/david/miniconda3/envs/vocc-env/lib/R/library,0.8.8,NA,"R (>= 2.6.1)",plyr,NA,NA,NA,"MIT + file LICENSE",NA,NA,NA,NA,yes,2002/04/01
reshape2,/home/david/miniconda3/envs/vocc-env/lib/R/library,2004/01/04,NA,"R (>= 3.1)","plyr (>= 1.8.1), Rcpp, stringr",Rcpp,"covr, lattice, testthat (>= 0.8.0)",NA,"MIT + file LICENSE",NA,NA,NA,NA,yes,2000/04/01
rex,/home/david/miniconda3/envs/vocc-env/lib/R/library,2000/01/02,NA,NA,lazyeval,NA,"testthat, knitr, rmarkdown, dplyr, ggplot2, magrittr, Hmisc,
stringr, rvest, roxygen2, covr",NA,"MIT + file LICENSE",NA,NA,NA,NA,no,2000/04/01
rgdal,/home/david/miniconda3/envs/vocc-env/lib/R/library,2028/01/05,NA,"R (>= 3.5.0), methods, sp (>= 1.1-0)","grDevices, graphics, stats, utils",sp,"knitr, DBI, RSQLite, maptools, mapview, rmarkdown, curl,
rgeos",NA,"GPL (>= 2)",NA,NA,NA,NA,yes,2002/04/01
rgeos,/home/david/miniconda3/envs/vocc-env/lib/R/library,0.5-9,NA,"R (>= 3.3.0), methods, sp (>= 1.1-0)","utils, stats, graphics",sp,"maptools (>= 0.8-5), testthat, XML, maps, rgdal",NA,"GPL (>= 2)",NA,NA,NA,NA,yes,2002/04/01
rlang,/home/david/miniconda3/envs/vocc-env/lib/R/library,0.4.11,NA,"R (>= 3.3.0)",utils,NA,"cli, covr, crayon, glue, magrittr, methods, pak, pillar,
rmarkdown, testthat (>= 3.0.0), vctrs (>= 0.2.3), withr",winch,"MIT + file LICENSE",NA,NA,NA,NA,yes,2000/04/01
rmarkdown,/home/david/miniconda3/envs/vocc-env/lib/R/library,2.9,NA,"R (>= 3.0)","tools, utils, knitr (>= 1.22), yaml (>= 2.1.19), htmltools (>=
0.3.5), evaluate (>= 0.13), jsonlite, tinytex (>= 0.31), xfun
(>= 0.21), methods, stringr (>= 1.2.0)",NA,"shiny (>= 1.6.0), tufte, testthat (>= 3.0.0), digest,
dygraphs, vctrs, tibble, fs, rsconnect, withr (>= 2.4.2), bslib
(>= 0.2.5.1), sass (>= 0.4.0)",NA,GPL-3,NA,NA,NA,NA,no,2000/04/01
rnaturalearth,/home/david/miniconda3/envs/vocc-env/lib/R/library,0.1.0,NA,"R (>= 3.1.1)","sp (>= 1.0.15), utils (>= 3.2.3), sf (>= 0.3-4)",NA,"rgdal, knitr (>= 1.12.3), testthat (>= 0.9.1), httr (>=
1.1.0), devtools (>= 1.10.0), rnaturalearthdata (>= 0.1.0),
rnaturalearthhires (>= 0.1.0), raster (>= 2.5-2), rgeos",NA,"MIT + file LICENSE",NA,NA,NA,NA,no,2000/04/01
rnaturalearthdata,/home/david/miniconda3/envs/vocc-env/lib/R/library,0.1.0,NA,"R (>= 3.1.1)","sp (>= 1.0.15)",NA,"knitr (>= 1.12.3), testthat (>= 0.9.1)",NA,CC0,NA,NA,NA,NA,no,2000/04/01
ROI,/home/david/miniconda3/envs/vocc-env/lib/R/library,1.0-0,NA,"R (>= 2.10)","methods, registry (>= 0.5), slam, utils",NA,numDeriv,NA,GPL-3,NA,NA,NA,NA,no,2002/04/01
rootSolve,/home/david/miniconda3/envs/vocc-env/lib/R/library,1.8.2.3,NA,"R (>= 2.01)","stats, graphics, grDevices",NA,NA,NA,"GPL (>= 2)",NA,NA,NA,NA,yes,2002/04/01
roxygen2,/home/david/miniconda3/envs/vocc-env/lib/R/library,2001/07/01,NA,"R (>= 3.2)","brew, commonmark, desc (>= 1.2.0), digest, knitr, methods,
pkgload (>= 1.0.2), purrr (>= 0.3.3), R6 (>= 2.1.2), Rcpp (>=
0.11.0), rlang, stringi, stringr (>= 1.0.0), utils, xml2",Rcpp,"covr, devtools, rmarkdown, testthat (>= 2.1.0), R.methodsS3,
R.oo",NA,"GPL (>= 2)",NA,NA,NA,NA,yes,2000/04/01
rpart,/home/david/miniconda3/envs/vocc-env/lib/R/library,2015/04/01,recommended,"R (>= 2.15.0), graphics, stats, grDevices",NA,NA,survival,NA,"GPL-2 | GPL-3",NA,NA,NA,NA,yes,2000/04/01
rprojroot,/home/david/miniconda3/envs/vocc-env/lib/R/library,2.0.2,NA,"R (>= 3.0.0)",NA,NA,"covr, knitr, lifecycle, mockr, rmarkdown, testthat (>=
3.0.0), withr",NA,"MIT + file LICENSE",NA,NA,NA,NA,no,2000/04/01
RSQLite,/home/david/miniconda3/envs/vocc-env/lib/R/library,2008/02/02,NA,"R (>= 3.1.0)","bit64, blob (>= 1.2.0), DBI (>= 1.1.0), memoise, methods,
pkgconfig, Rcpp (>= 1.0.7)","plogr (>= 0.2.0), Rcpp","DBItest (>= 1.7.0), gert, gh, knitr, rmarkdown, hms, rvest,
testthat, xml2",NA,"LGPL (>= 2.1)",NA,NA,NA,NA,yes,2001/04/01
rstudioapi,/home/david/miniconda3/envs/vocc-env/lib/R/library,0.13,NA,NA,NA,NA,"testthat, knitr, rmarkdown, clipr",NA,"MIT + file LICENSE",NA,NA,NA,NA,no,2000/04/01
rsvg,/home/david/miniconda3/envs/vocc-env/lib/R/library,2000/02/02,NA,NA,NA,NA,"ggplot2, knitr, magick, rmarkdown, spelling, svglite, webp",NA,"MIT + file LICENSE",NA,NA,NA,NA,yes,2002/04/01
rversions,/home/david/miniconda3/envs/vocc-env/lib/R/library,2001/02/01,NA,NA,"curl, utils, xml2 (>= 1.0.0)",NA,"mockery, testthat",NA,"MIT + file LICENSE",NA,NA,NA,NA,no,2000/04/01
rvest,/home/david/miniconda3/envs/vocc-env/lib/R/library,1.0.0,NA,"R (>= 3.2)","httr (>= 0.5), lifecycle (>= 1.0.0), magrittr, rlang (>=
0.4.10), selectr, tibble, xml2 (>= 1.3)",NA,"covr, glue, knitr, readr, rmarkdown, repurrrsive, spelling,
stringi (>= 0.3.1), testthat (>= 3.0.2), webfakes",NA,"MIT + file LICENSE",NA,NA,NA,NA,no,2000/04/01
s2,/home/david/miniconda3/envs/vocc-env/lib/R/library,1.0.7,NA,"R (>= 3.0.0)","Rcpp, wk (>= 0.5.0)","Rcpp, wk","testthat, vctrs",NA,"Apache License (== 2.0)",NA,NA,NA,NA,yes,2001/04/01
sandwich,/home/david/miniconda3/envs/vocc-env/lib/R/library,3.0-1,NA,"R (>= 3.0.0)","stats, utils, zoo",NA,"AER, car, geepack, lattice, lmtest, MASS, multiwayvcov,
parallel, pcse, plm, pscl, scatterplot3d, stats4, strucchange,
survival",NA,"GPL-2 | GPL-3",NA,NA,NA,NA,no,2002/04/01
sass,/home/david/miniconda3/envs/vocc-env/lib/R/library,0.4.0,NA,NA,"fs, rlang (>= 0.4.10), htmltools (>= 0.5.1), R6, rappdirs",NA,"testthat, knitr, rmarkdown, withr, shiny, curl",NA,"MIT + file LICENSE",NA,NA,NA,NA,yes,2000/04/01
scales,/home/david/miniconda3/envs/vocc-env/lib/R/library,2001/01/01,NA,"R (>= 3.2)","farver (>= 2.0.3), labeling, lifecycle, munsell (>= 0.5), R6,
RColorBrewer, viridisLite",NA,"bit64, covr, dichromat, ggplot2, hms (>= 0.5.0), testthat (>=
2.1.0)",NA,"MIT + file LICENSE",NA,NA,NA,NA,no,2000/04/01
selectr,/home/david/miniconda3/envs/vocc-env/lib/R/library,0.4-2,NA,"R (>= 3.0)","methods, stringr, R6",NA,"testthat, XML, xml2",NA,"BSD_3_clause + file LICENCE",NA,NA,NA,NA,no,2000/04/01
sessioninfo,/home/david/miniconda3/envs/vocc-env/lib/R/library,2001/01/01,NA,NA,"cli, tools, utils, withr",NA,"callr, covr, mockery, testthat",NA,GPL-2,NA,NA,NA,NA,no,2000/04/01
sf,/home/david/miniconda3/envs/vocc-env/lib/R/library,1.0-5,NA,"methods, R (>= 3.3.0)","classInt (>= 0.4-1), DBI (>= 0.8), graphics, grDevices, grid,
magrittr, Rcpp (>= 0.12.18), s2 (>= 1.0.7), stats, tools, units
(>= 0.6-0), utils",Rcpp,"blob, covr, dplyr (>= 0.8-3), ggplot2, knitr, lwgeom (>=
0.2-1), maps, mapview, Matrix, microbenchmark, odbc, pillar,
pool, raster, rgdal, rgeos, rlang, rmarkdown, RPostgres (>=
1.1.0), RPostgreSQL, RSQLite, sp (>= 1.2-4), spatstat (>=
2.0-1), spatstat.geom, spatstat.core, spatstat.linnet,
spatstat.utils, stars (>= 0.2-0), terra, testthat, tibble (>=
1.4.1), tidyr (>= 1.0-0), tidyselect (>= 1.0.0), tmap (>= 2.0),
vctrs, wk",NA,"GPL-2 | MIT + file LICENSE",NA,NA,NA,NA,yes,2002/04/01
sfsmisc,/home/david/miniconda3/envs/vocc-env/lib/R/library,2011/01/01,NA,"R (>= 3.3.0)","grDevices, methods, utils, stats, tools",NA,"datasets, tcltk, cluster, lattice, MASS, Matrix, nlme, lokern","mgcv, rpart, nor1mix, polycor, sm, tikzDevice, e1071, Hmisc,
gmp, pastecs, polynom, robustbase","GPL (>= 2)",NA,NA,NA,NA,no,2000/04/01
shape,/home/david/miniconda3/envs/vocc-env/lib/R/library,2006/01/04,NA,"R (>= 2.01)","stats, graphics, grDevices",NA,NA,NA,"GPL (>= 3)",NA,NA,NA,NA,no,2000/04/01
shapefiles,/home/david/miniconda3/envs/vocc-env/lib/R/library,0.7,NA,"R (>= 1.6.0), foreign",NA,NA,NA,NA,GPL,NA,NA,NA,NA,NA,2000/04/01
shiny,/home/david/miniconda3/envs/vocc-env/lib/R/library,2000/01/06,NA,"R (>= 3.0.2), methods","utils, grDevices, httpuv (>= 1.5.2), mime (>= 0.3), jsonlite
(>= 0.9.16), xtable, digest (>= 0.6.25), htmltools (>=
0.5.0.9001), R6 (>= 2.0), sourcetools, later (>= 1.0.0),
promises (>= 1.1.0), tools, crayon, rlang (>= 0.4.9), fastmap
(>= 1.0.0), withr, commonmark (>= 1.7), glue (>= 1.3.2), bslib
(>= 0.2.2.9002), cachem, ellipsis, lifecycle (>= 0.2.0)",NA,"datasets, Cairo (>= 1.5-5), testthat (>= 2.1.1), knitr (>=
1.6), markdown, rmarkdown, ggplot2, reactlog (>= 1.0.0),
magrittr, shinytest (>= 1.4.0.9003), yaml, future, dygraphs,
ragg, showtext, sass",NA,"GPL-3 | file LICENSE",NA,NA,NA,NA,no,2000/04/01
slam,/home/david/miniconda3/envs/vocc-env/lib/R/library,0.1-50,NA,"R (>= 3.4.0)",stats,NA,NA,"Matrix, SparseM, spam",GPL-2,NA,NA,NA,NA,yes,2002/04/01
snow,/home/david/miniconda3/envs/vocc-env/lib/R/library,0.4-4,NA,"R (>= 2.13.1), utils",NA,NA,rlecuyer,Rmpi,GPL,NA,NA,NA,NA,no,2002/04/01
sourcetools,/home/david/miniconda3/envs/vocc-env/lib/R/library,0.1.7,NA,"R (>= 3.0.2)",NA,NA,testthat,NA,"MIT + file LICENSE",NA,NA,NA,NA,yes,2000/04/01
sp,/home/david/miniconda3/envs/vocc-env/lib/R/library,2005/01/04,NA,"R (>= 3.0.0), methods","utils, stats, graphics, grDevices, lattice, grid",NA,"RColorBrewer, rgdal (>= 1.2-3), rgeos (>= 0.3-13), gstat,
maptools, deldir",NA,"GPL (>= 2)",NA,NA,NA,NA,yes,2000/04/01
spacetime,/home/david/miniconda3/envs/vocc-env/lib/R/library,2005/01/02,NA,"R (>= 3.0.0)","graphics, utils, stats, methods, lattice, sp (>= 1.1-0), zoo
(>= 1.7-9), xts (>= 0.8-8), intervals",NA,"adehabitatLT, cshapes (>= 2.0), foreign, gstat (>= 1.0-16),
maps, mapdata, maptools, plm, raster, RColorBrewer, rgdal,
rgeos, RPostgreSQL, knitr, googleVis, ISOcodes, markdown, sf",NA,"GPL (>= 2)",NA,NA,NA,NA,no,2000/04/01
spam,/home/david/miniconda3/envs/vocc-env/lib/R/library,2000/02/07,NA,"R (>= 3.1), dotCall64, grid, methods",NA,NA,"spam64, fields, Matrix, testthat, R.rsp, truncdist, knitr,
rmarkdown",NA,"LGPL-2 | BSD_3_clause + file LICENSE",NA,NA,NA,NA,yes,2000/04/01
spaMM,/home/david/miniconda3/envs/vocc-env/lib/R/library,2014/03/11,NA,"R (>= 3.2.0)","methods, stats, graphics, Matrix, MASS, proxy, Rcpp (>=
0.12.10), nlme, nloptr, minqa, pbapply, crayon, gmp (>= 0.6.0),
ROI, boot, geometry (>= 0.4.0)","Rcpp, RcppEigen (>= 0.3.3.5.0)","maps, testthat, lme4, rsae, rcdd, pedigreemm, foreach,
future, future.apply, multilevel, Infusion (>= 1.3.0), IsoriX
(>= 0.8.1), blackbox (>= 1.1.25), RSpectra, ROI.plugin.glpk,
memoise (>= 2.0.0), agridat","multcomp, RLRsim",CeCILL-2,NA,NA,NA,NA,yes,2002/04/01
SparseM,/home/david/miniconda3/envs/vocc-env/lib/R/library,1.81,NA,"R (>= 2.15), methods","graphics, stats, utils",NA,NA,NA,"GPL (>= 2)",NA,NA,NA,NA,yes,2000/04/01
spatial,/home/david/miniconda3/envs/vocc-env/lib/R/library,2014/07/03,recommended,"R (>= 3.0.0), graphics, stats, utils",NA,NA,MASS,NA,"GPL-2 | GPL-3",NA,NA,NA,NA,yes,2000/04/01
spatialreg,/home/david/miniconda3/envs/vocc-env/lib/R/library,2001/01/02,NA,"R (>= 3.3.0), spData, Matrix, sf","spdep, expm, coda, methods, MASS, boot, splines, LearnBayes,
nlme, gmodels",NA,"parallel, RSpectra, tmap, foreign, spam, knitr, lmtest,
sandwich, rmarkdown, igraph",NA,GPL-2,NA,NA,NA,NA,yes,2002/04/01
spData,/home/david/miniconda3/envs/vocc-env/lib/R/library,0.3.10,NA,"R (>= 3.3.0)","sp, raster",NA,"foreign, maptools, rgdal, sf (>= 0.9-1), spDataLarge (>=
0.4.0), spdep, spatialreg",NA,CC0,NA,NA,NA,NA,no,2000/04/01
spdep,/home/david/miniconda3/envs/vocc-env/lib/R/library,2011/01/01,NA,"R (>= 3.3.0), methods, sp (>= 1.0), spData (>= 0.2.6.0), sf","deldir, boot (>= 1.3-1), graphics, grDevices, utils, stats,
Matrix, LearnBayes, MASS, coda, expm, gmodels, nlme, units, s2,
e1071",NA,"spatialreg (>= 1.1-1), parallel, dbscan, rgeos, RColorBrewer,
lattice, xtable, maptools (>= 0.5-4), foreign, igraph,
RSpectra, knitr, rgdal, classInt, tmap, spam, ggplot2,
rmarkdown, tinytest",NA,"GPL (>= 2)",NA,NA,NA,NA,yes,2001/04/01
splines,/home/david/miniconda3/envs/vocc-env/lib/R/library,2002/04/01,base,NA,"graphics, stats",NA,"Matrix, methods",NA,"Part of R 4.1.2",NA,NA,NA,NA,yes,2002/04/01
SQUAREM,/home/david/miniconda3/envs/vocc-env/lib/R/library,2021.1,NA,"R (>= 3.0)",NA,NA,setRNG,NA,"GPL (>= 2)",NA,NA,NA,NA,no,2000/04/01
stars,/home/david/miniconda3/envs/vocc-env/lib/R/library,0.5-5,NA,"R (>= 3.3.0), abind, sf (>= 1.0.3)","methods, parallel, classInt (>= 0.4-1), lwgeom, rlang, units",NA,"PCICt, RNetCDF (>= 1.8-2), clue, covr, cubelyr, digest, dplyr
(>= 0.7-0), exactextractr, future.apply, ggforce, ggplot2,
ggthemes, gstat, httr, jsonlite, knitr, maps, mapdata,
ncdfgeom, ncmeta (>= 0.0.3), pbapply, plm, randomForest,
raster, rgdal, rmarkdown, sp, spacetime, spatstat (>= 2.0-1),
spatstat.geom, starsdata, terra (>= 1.4-22), testthat, tidyr,
viridis, xts, zoo",NA,"Apache License",NA,NA,NA,NA,no,2002/04/01
statmod,/home/david/miniconda3/envs/vocc-env/lib/R/library,1936/01/04,NA,"R (>= 3.0.0)","stats, graphics",NA,"MASS, tweedie",NA,"GPL-2 | GPL-3",NA,NA,NA,NA,yes,2000/04/01
stats,/home/david/miniconda3/envs/vocc-env/lib/R/library,2002/04/01,base,NA,"utils, grDevices, graphics",NA,"MASS, Matrix, SuppDists, methods, stats4",NA,"Part of R 4.1.2",NA,NA,NA,NA,yes,2002/04/01
stats4,/home/david/miniconda3/envs/vocc-env/lib/R/library,2002/04/01,base,NA,"graphics, methods, stats",NA,NA,NA,"Part of R 4.1.2",NA,NA,NA,NA,NA,2002/04/01
stringdist,/home/david/miniconda3/envs/vocc-env/lib/R/library,0.9.6.3,NA,"R (>= 2.15.3)",parallel,NA,tinytest,NA,GPL-3,NA,NA,NA,NA,yes,2000/04/01
stringi,/home/david/miniconda3/envs/vocc-env/lib/R/library,2006/01/07,NA,"R (>= 3.1)","tools, utils, stats",NA,NA,NA,"file LICENSE",yes,NA,NA,NA,yes,2001/04/01
stringr,/home/david/miniconda3/envs/vocc-env/lib/R/library,2000/01/04,NA,"R (>= 3.1)","glue (>= 1.2.0), magrittr, stringi (>= 1.1.7)",NA,"covr, htmltools, htmlwidgets, knitr, rmarkdown, testthat",NA,"GPL-2 | file LICENSE",NA,NA,NA,NA,no,2000/04/01
styler,/home/david/miniconda3/envs/vocc-env/lib/R/library,2001/01/05,NA,NA,"backports (>= 1.1.0), cli (>= 1.1.0), magrittr (>= 2.0.0),
purrr (>= 0.2.3), R.cache (>= 0.15.0), rematch2 (>= 2.0.1),
rlang (>= 0.1.1), rprojroot (>= 1.1), tibble (>= 1.4.2), tools,
withr (>= 1.0.0), xfun (>= 0.1)",NA,"data.tree (>= 0.1.6), digest, dplyr, here, knitr, prettycode,
rmarkdown, roxygen2, rstudioapi (>= 0.7), testthat (>= 2.1.0)",NA,"MIT + file LICENSE",NA,NA,NA,NA,no,2000/04/01
survival,/home/david/miniconda3/envs/vocc-env/lib/R/library,2011/03/02,recommended,"R (>= 3.5.0)","graphics, Matrix, methods, splines, stats, utils",NA,NA,NA,"LGPL (>= 2)",NA,NA,NA,NA,yes,2000/04/01
svglite,/home/david/miniconda3/envs/vocc-env/lib/R/library,2.0.0,NA,"R (>= 3.0.0)","systemfonts (>= 1.0.0)","cpp11, systemfonts","htmltools, testthat, xml2 (>= 1.0.0), covr, fontquiver (>=
0.2.0), knitr, rmarkdown",NA,"GPL (>= 2)",NA,NA,NA,NA,yes,2000/04/01
sys,/home/david/miniconda3/envs/vocc-env/lib/R/library,3.4,NA,NA,NA,NA,"unix (>= 1.4), spelling, testthat",NA,"MIT + file LICENSE",NA,NA,NA,NA,yes,2000/04/01
systemfonts,/home/david/miniconda3/envs/vocc-env/lib/R/library,1.0.3,NA,"R (>= 3.2.0)",NA,"cpp11 (>= 0.2.1)","testthat (>= 2.1.0), covr, knitr, rmarkdown, tools",NA,"MIT + file LICENSE",NA,NA,NA,NA,yes,2001/04/01
tcltk,/home/david/miniconda3/envs/vocc-env/lib/R/library,2002/04/01,base,NA,utils,NA,NA,NA,"Part of R 4.1.2",NA,NA,NA,NA,yes,2002/04/01
terra,/home/david/miniconda3/envs/vocc-env/lib/R/library,2004/01/03,NA,"R (>= 3.5.0)","methods, Rcpp, raster (>= 3.3-7)",Rcpp,"parallel, tinytest, ncdf4, sf (>= 0.9-8), deldir",NA,"GPL (>= 3)",NA,NA,NA,NA,yes,2000/04/01
testthat,/home/david/miniconda3/envs/vocc-env/lib/R/library,3.0.4,NA,"R (>= 3.1)","brio, callr (>= 3.5.1), cli (>= 2.2.0), crayon (>= 1.3.4),
desc, digest, ellipsis (>= 0.2.0), evaluate, jsonlite,
lifecycle, magrittr, methods, pkgload, praise, processx, ps (>=
1.3.4), R6 (>= 2.2.0), rlang (>= 0.4.9), utils, waldo (>=
0.2.4), withr (>= 2.3.0)",NA,"covr, curl (>= 0.9.5), diffviewer (>= 0.1.0), knitr, mockery,
rmarkdown, rstudioapi, shiny, usethis, vctrs (>= 0.1.0), xml2",NA,"MIT + file LICENSE",NA,NA,NA,NA,yes,2000/04/01
TH.data,/home/david/miniconda3/envs/vocc-env/lib/R/library,2001/01/01,NA,"R (>= 3.5.0), survival, MASS",NA,NA,"dplyr, gdata, plyr, trtf, tram, rms, coin, ATR, multcomp,
gridExtra, vcd, colorspace, lattice, knitr",NA,GPL-3,NA,NA,NA,NA,no,2002/04/01
tibble,/home/david/miniconda3/envs/vocc-env/lib/R/library,2002/03/01,NA,"R (>= 3.1.0)","ellipsis (>= 0.3.2), fansi (>= 0.4.0), lifecycle (>= 0.2.0),
magrittr, methods, pillar (>= 1.6.0), pkgconfig, rlang (>=
0.4.3), utils, vctrs (>= 0.3.8)",NA,"bench, bit64, blob, cli, covr, crayon (>= 1.3.4), DiagrammeR,
dplyr, evaluate, formattable, ggplot2, hms, htmltools, knitr,
lubridate, mockr, nycflights13, purrr, rmarkdown, testthat (>=
3.0.2), tidyr, withr",NA,"MIT + file LICENSE",NA,NA,NA,NA,yes,2000/04/01
tidymv,/home/david/miniconda3/envs/vocc-env/lib/R/library,2000/03/03,NA,"R (>= 2.10)","dplyr, ggplot2, magrittr, mgcv, rlang, tibble, tidyr",NA,"knitr, rmarkdown",NA,"GPL (>= 3)",NA,NA,NA,NA,no,2000/04/01
tidyr,/home/david/miniconda3/envs/vocc-env/lib/R/library,2003/01/01,NA,"R (>= 3.1)","dplyr (>= 0.8.2), ellipsis (>= 0.1.0), glue, lifecycle,
magrittr, purrr, rlang, tibble (>= 2.1.1), tidyselect (>=
1.1.0), utils, vctrs (>= 0.3.6)","cpp11 (>= 0.2.6)","covr, data.table, jsonlite, knitr, readr, repurrrsive (>=
1.0.0), rmarkdown, testthat (>= 3.0.0)",NA,"MIT + file LICENSE",NA,NA,NA,NA,yes,2000/04/01
tidyselect,/home/david/miniconda3/envs/vocc-env/lib/R/library,2001/01/01,NA,"R (>= 3.2)","ellipsis, glue (>= 1.3.0), purrr (>= 0.3.2), rlang (>= 0.4.6),
vctrs (>= 0.3.0)",NA,"covr, crayon, dplyr, knitr, magrittr, rmarkdown, testthat (>=
2.3.0), tibble (>= 2.1.3), withr",NA,"MIT + file LICENSE",NA,NA,NA,NA,yes,2000/04/01
tidyverse,/home/david/miniconda3/envs/vocc-env/lib/R/library,2001/01/03,NA,"R (>= 3.3)","broom (>= 0.7.6), cli (>= 2.4.0), crayon (>= 1.4.1), dbplyr
(>= 2.1.1), dplyr (>= 1.0.5), dtplyr (>= 1.1.0), forcats (>=
0.5.1), googledrive (>= 1.0.1), googlesheets4 (>= 0.3.0),
ggplot2 (>= 3.3.3), haven (>= 2.3.1), hms (>= 1.0.0), httr (>=
1.4.2), jsonlite (>= 1.7.2), lubridate (>= 1.7.10), magrittr
(>= 2.0.1), modelr (>= 0.1.8), pillar (>= 1.6.0), purrr (>=
0.3.4), readr (>= 1.4.0), readxl (>= 1.3.1), reprex (>= 2.0.0),
rlang (>= 0.4.10), rstudioapi (>= 0.13), rvest (>= 1.0.0),
stringr (>= 1.4.0), tibble (>= 3.1.0), tidyr (>= 1.1.3), xml2
(>= 1.3.2)",NA,"covr, feather, glue, knitr, rmarkdown, testthat",NA,"MIT + file LICENSE",NA,NA,NA,NA,no,2000/04/01
timeDate,/home/david/miniconda3/envs/vocc-env/lib/R/library,3043.102,NA,"R (>= 2.15.1), graphics, utils, stats, methods",NA,NA,"date, RUnit",NA,"GPL (>= 2)",NA,NA,NA,NA,no,2000/04/01
tinytex,/home/david/miniconda3/envs/vocc-env/lib/R/library,0.32,NA,NA,"xfun (>= 0.23)",NA,"testit, rstudioapi",NA,"MIT + file LICENSE",NA,NA,NA,NA,no,2000/04/01
TMB,/home/david/miniconda3/envs/vocc-env/lib/R/library,2020/01/07,NA,"R (>= 3.0.0)","graphics, methods, stats, utils, Matrix (>= 1.0-12)","Matrix, RcppEigen","numDeriv, parallel",NA,GPL-2,NA,NA,NA,NA,yes,2000/04/01
tools,/home/david/miniconda3/envs/vocc-env/lib/R/library,2002/04/01,base,NA,NA,NA,"codetools, methods, xml2, curl, commonmark",NA,"Part of R 4.1.2",NA,NA,NA,NA,yes,2002/04/01
triebeard,/home/david/miniconda3/envs/vocc-env/lib/R/library,0.3.0,NA,NA,Rcpp,Rcpp,"knitr, rmarkdown, testthat",NA,"MIT + file LICENSE",NA,NA,NA,NA,yes,2000/04/01
truncnorm,/home/david/miniconda3/envs/vocc-env/lib/R/library,1.0-8,NA,"R (>= 3.4.0)",NA,NA,testthat,NA,"GPL (>= 2)",NA,NA,NA,NA,yes,2000/04/01
TTR,/home/david/miniconda3/envs/vocc-env/lib/R/library,0.24.2,NA,NA,"xts (>= 0.10-0), zoo, curl",xts,RUnit,quantmod,"GPL (>= 2)",NA,NA,NA,NA,yes,2000/04/01
units,/home/david/miniconda3/envs/vocc-env/lib/R/library,0.7-2,NA,"R (>= 3.0.2)",Rcpp,"Rcpp (>= 0.12.10)","udunits2, NISTunits, measurements, xml2, magrittr, pillar (>=
1.3.0), dplyr (>= 1.0.0), vctrs (>= 0.3.1), knitr, testthat (>=
3.0.0), ggforce, rmarkdown",NA,GPL-2,NA,NA,NA,NA,yes,2000/04/01
unmarked,/home/david/miniconda3/envs/vocc-env/lib/R/library,2005/01/02,NA,"R (>= 2.12.0), methods","graphics, lattice, lme4, MASS, Matrix, parallel, pbapply,
plyr, Rcpp (>= 0.8.0), stats, TMB (>= 1.7.18), utils","Rcpp, RcppArmadillo, TMB, RcppEigen","knitr, rmarkdown, pkgdown, raster, testthat",NA,"GPL (>= 3)",NA,NA,NA,NA,yes,2002/04/01
urltools,/home/david/miniconda3/envs/vocc-env/lib/R/library,2003/01/07,NA,"R (>= 2.10)","Rcpp, methods, triebeard",Rcpp,"testthat, knitr",NA,"MIT + file LICENSE",NA,NA,NA,NA,yes,2000/04/01
usdm,/home/david/miniconda3/envs/vocc-env/lib/R/library,2018/01/01,NA,"methods, sp, raster",NA,NA,"rgdal (>= 0.6-28)",NA,"GPL (>= 3)",NA,NA,NA,NA,no,2002/04/01
usethis,/home/david/miniconda3/envs/vocc-env/lib/R/library,2.0.1,NA,"R (>= 3.2)","cli, clipr (>= 0.3.0), crayon, curl (>= 2.7), desc, fs (>=
1.3.0), gert (>= 1.0.2), gh (>= 1.2.0), glue (>= 1.3.0),
jsonlite, lifecycle, purrr, rappdirs, rlang (>= 0.4.10),
rprojroot (>= 1.2), rstudioapi, stats, utils, whisker, withr
(>= 2.3.0), yaml",NA,"covr, knitr, magick, mockr, rmarkdown, roxygen2, spelling (>=
1.2), styler (>= 1.2.0), testthat (>= 3.0.0)",NA,"MIT + file LICENSE",NA,NA,NA,NA,no,2000/04/01
utf8,/home/david/miniconda3/envs/vocc-env/lib/R/library,2001/01/02,NA,"R (>= 2.10)",NA,NA,"covr, knitr, rlang, rmarkdown, testthat (>= 3.0.0)",NA,"Apache License (== 2.0) | file LICENSE",NA,NA,NA,NA,yes,2000/04/01
utils,/home/david/miniconda3/envs/vocc-env/lib/R/library,2002/04/01,base,NA,NA,NA,"methods, xml2, commonmark",NA,"Part of R 4.1.2",NA,NA,NA,NA,yes,2002/04/01
uuid,/home/david/miniconda3/envs/vocc-env/lib/R/library,0.1-4,NA,"R (>= 2.9.0)",NA,NA,NA,NA,"MIT + file LICENSE",NA,NA,NA,NA,yes,2000/04/01
vctrs,/home/david/miniconda3/envs/vocc-env/lib/R/library,0.3.8,NA,"R (>= 3.3)","ellipsis (>= 0.2.0), glue, rlang (>= 0.4.10)",NA,"bit64, covr, crayon, dplyr (>= 0.8.5), generics, knitr,
pillar (>= 1.4.4), pkgdown, rmarkdown, testthat (>= 2.3.0),
tibble, withr, xml2, waldo (>= 0.2.0), zeallot",NA,"MIT + file LICENSE",NA,NA,NA,NA,yes,2000/04/01
vegan,/home/david/miniconda3/envs/vocc-env/lib/R/library,2007/02/05,NA,"permute (>= 0.9-0), lattice, R (>= 3.4.0)","MASS, cluster, mgcv",NA,"parallel, tcltk, knitr, markdown",NA,GPL-2,NA,NA,NA,NA,yes,2002/04/01
VGAM,/home/david/miniconda3/envs/vocc-env/lib/R/library,2006/01/01,NA,"R (>= 3.5.0), methods, stats, stats4, splines",NA,NA,"VGAMextra, MASS, mgcv",VGAMdata,GPL-3,NA,NA,NA,NA,yes,2002/04/01
viridis,/home/david/miniconda3/envs/vocc-env/lib/R/library,0.6.1,NA,"R (>= 2.10), viridisLite (>= 0.4.0)","stats, ggplot2 (>= 1.0.1), gridExtra",NA,"hexbin (>= 1.27.0), scales, MASS, knitr, dichromat,
colorspace, rasterVis, httr, mapproj, vdiffr, svglite (>=
1.2.0), testthat, covr, rmarkdown, rgdal",NA,"MIT + file LICENSE",NA,NA,NA,NA,no,2000/04/01
viridisLite,/home/david/miniconda3/envs/vocc-env/lib/R/library,0.4.0,NA,"R (>= 2.10)",NA,NA,"hexbin (>= 1.27.0), ggplot2 (>= 1.0.1), testthat, covr",NA,"MIT + file LICENSE",NA,NA,NA,NA,no,2000/04/01
VoCC,/home/david/miniconda3/envs/vocc-env/lib/R/library,1.0.0,NA,"R (>= 3.3), raster","CircStats, cowplot, data.table, doParallel, fields, foreach,
gdistance, geosphere, ggplot2, matrixStats, parallel,
RColorBrewer, rgdal, sp, stats, xts",NA,"ggplot2, gridExtra, knitr, mapplots, ncdf4, prettydoc,
rasterVis, repmis, rgeos, rmarkdown, scales",NA,"AGPL (>= 3) LICENSE",NA,NA,NA,NA,no,2000/04/01
waldo,/home/david/miniconda3/envs/vocc-env/lib/R/library,0.2.5,NA,NA,"cli, diffobj, fansi, glue, methods, rematch2, rlang (>=
0.4.10), tibble",NA,"testthat (>= 3.0.0), covr, R6",NA,"MIT + file LICENSE",NA,NA,NA,NA,no,2000/04/01
whisker,/home/david/miniconda3/envs/vocc-env/lib/R/library,0.4,NA,NA,NA,NA,markdown,NA,GPL-3,NA,NA,NA,NA,no,2000/04/01
withr,/home/david/miniconda3/envs/vocc-env/lib/R/library,2002/02/04,NA,"R (>= 3.2.0)","graphics, grDevices, stats",NA,"covr, DBI, knitr, lattice, methods, rmarkdown, RSQLite,
testthat (>= 2.1.0)",NA,"MIT + file LICENSE",NA,NA,NA,NA,no,2000/04/01
wk,/home/david/miniconda3/envs/vocc-env/lib/R/library,0.5.0,NA,NA,NA,cpp11,"testthat (>= 3.0.0), vctrs (>= 0.3.0), sf, tibble",NA,"MIT + file LICENSE",NA,NA,NA,NA,yes,2000/04/01
xfun,/home/david/miniconda3/envs/vocc-env/lib/R/library,0.24,NA,NA,"stats, tools",NA,"testit, parallel, codetools, rstudioapi, tinytex (>= 0.30),
mime, markdown, knitr, htmltools, remotes, pak, renv, curl,
jsonlite, rmarkdown",NA,"MIT + file LICENSE",NA,NA,NA,NA,yes,2000/04/01
xml2,/home/david/miniconda3/envs/vocc-env/lib/R/library,2002/01/03,NA,"R (>= 3.1.0)",methods,NA,"covr, curl, httr, knitr, magrittr, mockery, rmarkdown,
testthat (>= 2.1.0)",NA,"GPL (>= 2)",NA,NA,NA,NA,yes,2000/04/01
xmlparsedata,/home/david/miniconda3/envs/vocc-env/lib/R/library,1.0.5,NA,"R (>= 3.0.0)",NA,NA,"covr, testthat, xml2",NA,"MIT + file LICENSE",NA,NA,NA,NA,no,2000/04/01
xopen,/home/david/miniconda3/envs/vocc-env/lib/R/library,1.0.0,NA,"R (>= 3.1)",processx,NA,"ps, testthat",NA,"MIT + file LICENSE",NA,NA,NA,NA,no,2000/04/01
xtable,/home/david/miniconda3/envs/vocc-env/lib/R/library,2004/01/08,NA,"R (>= 2.10.0)","stats, utils",NA,"knitr, plm, zoo, survival",NA,"GPL (>= 2)",NA,NA,NA,NA,no,2000/04/01
xts,/home/david/miniconda3/envs/vocc-env/lib/R/library,0.12.1,NA,"zoo (>= 1.7-12)",methods,zoo,"timeSeries, timeDate, tseries, chron, fts, tis, RUnit",NA,"GPL (>= 2)",NA,NA,NA,NA,yes,2000/04/01
yaml,/home/david/miniconda3/envs/vocc-env/lib/R/library,2001/02/02,NA,NA,NA,NA,RUnit,NA,"BSD_3_clause + file LICENSE",NA,NA,NA,NA,yes,2000/04/01
zip,/home/david/miniconda3/envs/vocc-env/lib/R/library,2000/02/02,NA,NA,NA,NA,"covr, processx, R6, testthat, withr",NA,"MIT + file LICENSE",NA,NA,NA,NA,yes,2000/04/01
zoo,/home/david/miniconda3/envs/vocc-env/lib/R/library,2009/01/08,NA,"R (>= 3.1.0), stats","utils, graphics, grDevices, lattice (>= 0.20-27)",NA,"AER, coda, chron, fts, ggplot2 (>= 3.0.0), mondate, scales,
stinepack, strucchange, timeDate, timeSeries, tis, tseries, xts",NA,"GPL-2 | GPL-3",NA,NA,NA,NA,yes,2000/04/01
